Catalog#,Artist,Title,Label,Format,Rating,Released,release_id,CollectionFolder,Date Added,Collection Media Condition,Collection Notes,Collection Sleeve Condition
SP-4515,Rick Wakeman,The Myths And Legends Of King Arthur And The Knights Of The Round Table,A&M Records,"LP, Album, Gat",,1975,519795,Uncategorized,2019-05-05 18:20:45,,,
8 45 166,Peter Schreier,O Sole Mio,AMIGA,"LP, Album, Red",,1979,734834,Uncategorized,2020-04-24 14:23:22,,,
8 50 063,Ray Charles,Ray Charles,AMIGA,"LP, Comp, Mono, RE",,1978,511177,Uncategorized,2015-11-06 19:20:49,,,
8 50 070,Louis Armstrong,1928-1931,AMIGA,"LP, Comp, Mono",,1974,2350750,Uncategorized,2016-01-21 11:26:41,,,
8 55 114,Various,American Folk Blues Festival 66 - 1,AMIGA,LP,,1968,3387975,Uncategorized,2018-10-03 17:16:33,,,
8 55 488,Oscar Peterson / Clark Terry,Oscar Peterson - Clark Terry,AMIGA,"LP, Album",,1976,568029,Uncategorized,2018-10-02 14:53:02,,,
8 55 631,SBB = SBB,SBB = СББ (ПНР),AMIGA,"LP, Album, Rus",,1978,4542487,300,2019-05-19 17:22:27,,,
8 55 734,"Blood, Sweat And Tears","Blood, Sweat & Tears Greatest Hits",AMIGA,"LP, Comp, RE",,1980,382977,Uncategorized,2017-09-02 19:33:51,,,
8 55 740,Aretha Franklin,Greatest Hits,AMIGA,"LP, Comp",,1980,998599,Uncategorized,2017-09-02 19:27:30,,,
8 55 772,Bayon,Suite,AMIGA,"LP, Album, Red",,1980,605329,Uncategorized,2015-11-03 08:58:59,,,
8 55 777,Various,Internationales Dixieland Festival Dresden '80,AMIGA,"LP, Comp",,1980,2787617,300,2015-11-06 13:38:21,,,
8 55 932,AMIGA Studio Orchester,Traum-Melodien,AMIGA,"LP, Comp",,1983,712782,Uncategorized,2018-09-30 08:35:20,,,
8 55 951,Charles Aznavour,Du Lässt Dich Geh'n,AMIGA,"LP, Comp",,1983,489792,Uncategorized,2020-04-24 14:26:12,,,
8 56 021,Reinhard Lakomy,Der Traum Von Asgard,AMIGA,"LP, Album",,1983,387443,100,2016-02-29 09:03:30,,,
8 56 051,Various,Felicita - Pop International,AMIGA,"LP, Comp, RE",,1985,487818,200,2015-12-27 09:10:14,,200,
8 56 063/064,Puhdys,Puhdys 13 (Live In Sachsen),AMIGA,"2xLP, Album",,1984,1458736,500,2017-12-17 12:46:57,,,
8 56 121,Various,Country Roads,AMIGA,"LP, Comp",,1985,3351447,Uncategorized,2016-07-21 11:12:23,,,
8 56 154,Various,Hello Again - Internationale Hits,AMIGA,"LP, Comp, RE",,1986,4567333,200,2015-12-27 09:10:56,,200,
8 56 179,Pond,Auf Der Seidenstraße,AMIGA,"LP, Album",,1986,368780,archive,2019-06-12 06:49:43,,200,
П91 00003-4,Chris Jordan (9),Сумерки Богов ( Twilight Of The Gods),AnTrop,"LP, Album, Unofficial",,1991,2299068,archive,2019-10-05 14:36:40,,200,
П91 00005-6,Solomon Burke,Возможен Шанс,AnTrop,"LP, Album, Unofficial",,1991,1632054,archive,2015-12-27 08:38:37,,300₽,
П91 00007-8,Bob Dylan,Медленный Поезд,AnTrop,"LP, Album, Unofficial",,1991,2026975,Uncategorized,2015-11-19 13:44:38,,,
П91 00015/16,Carl Perkins,Лучшее Из Репертуара Карла Перкинса,AnTrop,"LP, Comp, Unofficial",,1991,2302809,100,2015-12-27 08:55:55,,100,
П91 00015/16,Carl Perkins,Лучшее Из Репертуара Карла Перкинса,AnTrop,"LP, Comp, Unofficial",,1991,2302809,Uncategorized,2019-05-13 16:57:37,,,
П91 00019-20,Bobby Charles,Чистая Вода,AnTrop,"LP, Album, Unofficial",,1991,2301929,archive,2015-12-27 08:37:45,,200,
П91 00029,Various,Jesus Christ Superstar,AnTrop,"2xLP, Album, Unofficial, Gat",,1991,2275341,Uncategorized,2015-11-19 13:04:09,,,
П91 00037,Sonic Youth,Нация Мечтателей,AnTrop,"LP, Album, RE, Unofficial",,1991,10334325,200,2018-03-19 11:53:08,,200,
П91 00095,Ornette Coleman,Посвящение Поэтам И Писателям,AnTrop,"LP, Album, Unofficial",,1991,2341686,100,2015-11-06 19:11:39,,100,
П91 00097,Little Richard,Бама Лама Бама Лу,AnTrop,"LP, Comp, Mono, RE, Unofficial",,1991,2308391,100,2015-12-27 08:55:32,,100,
П91 00109,The Rolling Stones = The Rolling Stones,Стики Фингерс = Sticky Fingers,AnTrop,"LP, Album, Unofficial",,1992,1442884,100,2020-08-09 08:18:32,,,
П91 00113,The Stooges,Студжиз,AnTrop,"LP, Album, RE, Unofficial",,1991,1153953,200,2015-11-03 09:06:04,,200,
П91 00115,The Stooges,Дом Кайфа,AnTrop,"LP, Album, RE, Unofficial",,1991,8111727,200,2019-09-18 16:28:05,,200,
П91 00119,The Beatles,Оркестр Клуба Одиноких Сердец Сержанта Пеппера,AnTrop,"LP, Album, Unofficial, Red",,1992,2278158,archive,2018-09-30 09:56:42,,300₽,
П91 00119,The Beatles,Револьвер,AnTrop,"LP, Album, Unofficial",,1992,1964677,archive,2018-09-30 09:56:48,,300₽,
П91 00125,Lou Reed и John Cale,Песни Для Дреллы,AnTrop,"LP, Album, RE, Unofficial",,1991,4570544,200,2018-10-10 10:01:15,,200,
П91 00127-28,Deep Purple,Несущий Бурю,AnTrop,"LP, Album, Unofficial, Red",,1991,6535788,100,2015-11-19 13:13:01,,100,
П91 00131,The Beatles,Let It Be · Пусть Будет Так,AnTrop,"LP, Album, Unofficial",,1992,1950163,archive,2018-09-30 10:01:58,,200₽,
П91 00133,The Beatles,Help!,AnTrop,"LP, Album, Unofficial",,1992,1950363,archive,2018-09-30 10:01:16,,200₽,
П91 00137-8,The Beatles,Желтая Субмарина,AnTrop,"LP, Album, Unofficial, Pur",,1992,1949643,archive,2018-09-30 10:03:27,,200,
П91 00149,Led Zeppelin,Лед Зеппелин,AnTrop,"LP, Album, RE, Unofficial",,1991,659764,archive,2018-09-30 10:04:30,,200₽,
П91 00209,Bob Marley,Лучшее,AnTrop,"LP, Comp, Mono, Unofficial",,1991,2308428,archive,2015-12-27 08:38:10,,,
П91 00213/4,Pink Floyd,"Жаль, Что Тебя Здесь Нет",AnTrop,"LP, Album, Unofficial, Red",,1992,3644079,archive,2018-10-02 12:50:19,,300₽,
П91 00215,The Beatles,Rubber Soul · Резиновая Душа,AnTrop,"LP, Album, Unofficial",,1991,1582437,100,2018-09-30 09:57:31,,100,
П92-00257-8,"Freddie Mercury, Montserrat Caballé",Барселона,AnTrop,"LP, Album, RE, Unofficial",,1992,1902053,Uncategorized,2018-05-27 14:01:54,,,
С90 32215,Сепсис,Литургия Безумия,AnTrop,"LP, Album",,1991,2862085,200,2015-12-19 20:52:23,,200,
"П92 00191-2, П92-00191/2",The Beatles,Beatles For Sale,"AnTrop, AnTrop","LP, Album, Unofficial",,1993,1968484,100,2018-09-30 10:03:54,,100,
AMBLP3922,Aphex Twin,Selected Ambient Works 85-92,Apollo,"2xLP, Album, RE, RM",,2013,4887177,Uncategorized,2015-11-06 19:30:52,,,
"ADE G 18, 76.23 361",Glenn Miller,Seine 20 Grössten Hits,"Arcade Records (3), Arcade Records (3)","LP, Comp",,1975,1729049,Uncategorized,2015-11-06 13:36:24,,,
LDA-3337,Pacho Alonso Y Sus Pachucos,Pacho Alonso Y Sus Pachucos,Areito,"LP, Red",,1971,3190522,archive,2018-10-03 17:33:44,,200,
"207 202, 207 202-620",Aretha Franklin,Who's Zoomin' Who?,"Arista, Arista","LP, Album",,1985,895574,Uncategorized,2018-10-03 17:09:37,,,
"ARS 656.218-1, LP 656 218-1",Technotronic,Pump Up The Jam,"ARS Records, ARS Records","LP, Album",,1989,151971,50,2015-12-27 08:58:44,,50,
BTA 1952,Various,Jazz Rock 1975,Balkanton Trading Ltd.,"LP, Comp",,1975,12786114,100,2020-08-09 08:15:35,,,
A90-00843-44,George Michael,George Michael 2,BRS (2),"LP, Comp, Unofficial, Red",,0,1994936,archive,2015-12-27 13:33:55,,100₽,
none,Prince,"Music From ""Graffiti Bridge""",BRS (2),"LP, Unofficial",,1990,636862,Uncategorized,2015-11-10 09:54:04,,,
RGM 7007,Depeche Mode,Violator,BRS (2),"LP, Album, RE, Unofficial, Lam",,1992,888657,Uncategorized,2015-11-10 09:53:35,,,
RGM 7027,Pet Shop Boys,Behaviour,BRS (2),"LP, Album, Unofficial",,1992,1528021,300,2015-11-10 09:51:34,,,
"A90-00841, A90-00842",George Michael,George Michael 1,"BRS (2), BRS (2)","LP, Comp, Unofficial, Lam",,0,2041384,archive,2015-12-27 13:28:23,,100₽,
SJ-12410,Heart,Heart,Capitol Records,"LP, Album",,1985,2797002,archive,2016-03-13 07:20:32,,,
"1C 006-20 1289 7, 1C 006 20 1289 7",Heart,Nothin' At All,"Capitol Records, Capitol Records","7"", Single",,1986,1499923,Uncategorized,2015-11-03 08:17:58,,,
6337 266,The Alan Parsons Project,Tales Of Mystery And Imagination,Casablanca,"LP, Album, RE",,1983,427158,Uncategorized,2015-11-17 08:09:41,,,
CBS 32308,Bob Dylan,Hard Rain,CBS,"LP, Album",,0,6858623,archive,2016-05-25 18:49:47,,100,
S52416,Mitch Miller,Mitch's Greatest Hits,CBS,"LP, Comp",,1967,3923418,200,2017-03-15 12:19:44,,200,
"CBS 25350, 25350",Carlos Santana,Havana Moon,"CBS, CBS","LP, Album",,1983,496806,Uncategorized,2016-05-04 06:17:34,,,
"85418, CBS 85418, (TC 37678)",Barbra Streisand,Memories,"CBS, CBS, CBS","LP, Comp, RP",,0,945787,Uncategorized,2016-12-03 13:48:55,,,
25AP 1258,Pink Floyd,Wish You Were Here = 炎 (あなたがここにいてほしい),CBS/Sony,"LP, Album, RE",,1978,2653989,Uncategorized,2015-11-10 08:10:24,,,
28AP 3025,Kenny Loggins,Vox Humana,CBS/Sony,"LP, Album",,1985,3992550,Uncategorized,2015-11-14 13:47:23,,,
102,Various,Anthology Of American Music: Pop Rock & Roll 5,Champion (4),"LP, Comp",,1992,3030681,200,2018-10-02 12:31:27,,200,
104,Various,Anthology Of American Music: Pop Rock & Roll 2,Champion (4),"LP, Comp",,1992,3051405,200,2018-10-02 12:32:19,,200,
108,Various,Anthology Of American Music: Pop Rock & Roll 1,Champion (4),"LP, Comp",,1992,4325024,200,2018-09-30 08:58:41,,200,
116 ,Various,Anthology Of American Music: Pop Rock & Roll 3,Champion (4),"LP, Comp",,1992,3051650,200,2018-10-02 12:32:04,,200,
129,Various,Anthology Of American Music: Pop Rock & Roll 4,Champion (4),"LP, Comp",,1992,4325006,200,2018-10-02 12:31:51,,200,
CDL 1290,Blondie,Autoamerican,Chrysalis,"LP, Album",,1980,1436238,Uncategorized,2019-06-05 17:27:09,,,
CHS-41496,Simon Fellowes,Gun,Chrysalis,"LP, Album",,1985,13722376,200,2020-04-05 14:45:36,,200,
PC 32445,Santana,Welcome,Columbia,"LP, Album",,1973,1498796,Uncategorized,2016-05-04 06:14:48,,,
"CN 0071, CN0071",Udo Jürgens,20 Successen,"Common Wealth Records, Common Wealth Records","LP, Comp",,1978,3174653,100,2017-09-02 19:33:07,,100,
"2870 183, 2870-183",Don Tiare & The Alohas,Soft Hawaiian Sounds,"Contour, Contour","LP, Album",,1972,8321082,Uncategorized,2016-10-30 17:16:42,,,
60513,Rod McKuen,"Amor, Amor - Slide... Easy In",Disques Ibach,"LP, Album, Gat",,1977,649413,300,2018-09-30 08:52:27,,,
EDD 1116,Fanfara Reprezentativă A Armatei,Valsuri,Electrecord,"10"", Mono",,1966,4392592,Uncategorized,2018-10-02 12:53:59,,,
STM-EDE 01494,Ramon Tavernier / Nai: Cătălin Tîrcolea,Panpipe In Jazz,Electrecord,"LP, Album",,1979,2043139,Uncategorized,2018-10-02 14:42:37,,,
EMD 1003,Pink Floyd,A Momentary Lapse Of Reason,EMI,"LP, Album, Gat",,1987,1201772,Uncategorized,2019-05-05 18:19:07,,,
"1C 064-400 165, 400165",David Bowie,Let's Dance,"EMI America, EMI America","LP, Album",,1983,127166,Uncategorized,2015-11-08 09:56:31,,,
ELJ-46972,Pet Shop Boys,Actually,EMI-Manhattan Records,"LP, Album, ARC",,1987,471472,500,2015-11-10 09:48:05,,,
FE 37358,Mike Oldfield,QE2,Epic,"LP, Album, Ter",,1980,754437,300,2016-09-16 11:18:50,,,
7 29 039,"Joseph Haydn - Staatskapelle Dresden, Sir Neville Marriner",Nelsonmesse,ETERNA,LP,,1988,5314656,Uncategorized,2020-04-24 14:21:27,,,
7 29 060-061,"Carl Philipp Emanuel Bach - Eckart Haupt, Kammerorchester Carl Philipp Emanuel Bach, Hartmut Haenchen",Die Flötenkonzerte,ETERNA,"2xLP, RP",,1989,9651392,Uncategorized,2019-03-02 17:23:15,,,
8 25 845,"Johann Sebastian Bach, Hans Otto",Orgelwerke 12 (Hans Otto An Der Silbermannorgel Der Schloßkapelle Burgk / Thür.),ETERNA,"LP, RP, Blu",,0,999214,Uncategorized,2020-04-24 14:20:45,,,
8 26 204,"Richard Strauss - Wiener Philharmoniker , Dirigiert Richard Strauss",Don Juan /Walzer Aus Dem Ballett »Schlagobers« / Tod Und Verklärung,ETERNA,"LP, Album",,1973,8255176,Uncategorized,2020-04-24 14:19:17,,,
8 26 208,Richard Strauss / Wiener Philharmoniker,Symphonia Domestica Op.53,ETERNA,LP,,1972,13195444,Uncategorized,2020-04-24 14:18:48,,,
8 27 528,"Johannes Brahms - Berliner Sinfonie Orchester, Günther Herbig",Sinfonie Nr. 4 E-Moll Op. 98,ETERNA,LP,,1982,8136554,Uncategorized,2020-04-24 14:22:03,,,
8 27 675,Johann Sebastian Bach,"Wachet Auf, Ruft Uns Die Stimme BWV 140 - Wie Schön Leuchtet Der Morgenstern BWV 1",ETERNA,LP,,1984,7035096,Uncategorized,2020-04-24 14:17:47,,,
BL01-1,Various,Блюз В России '92,Evita Records,"2xLP, Comp",,1992,3243421,Uncategorized,2019-12-24 19:28:38,,,
ETP-90058,Akira Terao,Reflections,Express,"LP, Album",,1981,3940258,Uncategorized,2019-05-09 13:51:43,,,
"FACT·XXV, ZN 007, ZN VII",Joy Division,Closer,"Factory, Zona Records, Zona Records","LP, Album, RE",,1991,503281,Uncategorized,2015-11-03 09:04:10,,,
F-9565,Fat Larry's Band,Spacin' Out,Fantasy WMOT Records,"LP, Album",,1978,552749,archive,2015-12-27 09:00:23,,,
SLPM 37027,Dolly Roll,Oh La La,Favorit,"LP, Album",,1986,3380586,300,2016-09-19 07:02:38,,,
FL 3012,Вежливый Отказ,И-И Раз!..,Feelee,"LP, Album",,1992,1958749,Uncategorized,2018-10-10 10:12:37,,,
FL3 002/003,Various,Рок Против Террора,Feelee,"2xLP, Album",,1991,1744772,archive,2019-09-18 16:26:30,,,
R90 01045,Car-Man,Кармания,Gala Records (5),"LP, Album, Red",,1992,4143765,archive,2015-12-19 21:03:38,,50,
"6135 GL, 6135GL",Rick James,Glow,"Gordy, Gordy","LP, Album",,1985,9254510,archive,2017-01-18 09:20:56,,500₽,
HHP-5001,Various,Funky Fifties!,Harlem Hitparade,"LP, Comp",,0,5545902,Uncategorized,2015-12-27 09:02:35,,,
1A 006-65132,Pink Floyd,Not Now John,Harvest,"7"", Single",,1983,474587,archive,2015-11-10 08:03:06,,,
"1C 064-65 042, 65042",Pink Floyd,The Final Cut,"Harvest, Harvest","LP, Album, Gat",,1983,660256,archive,2015-11-10 08:15:30,,,
"5099902988313, SHDW 411",Pink Floyd,The Wall,"Harvest, Harvest","2xLP, Album, RE, RM, Gat",,2012,3437392,archive,2015-11-10 08:05:27,,2000,
88875173871,David Bowie,★ (Blackstar),"ISO Records, Columbia, Sony Music","LP, Album, MPO",,2016,7932038,Uncategorized,2016-03-03 06:25:23,,,
CA 13 959,Stephanie (2),Ouragan,Julisa,"7"", Single",,1986,3127938,Uncategorized,2015-11-03 08:18:45,,,
"MCG 3508, 0C 054-94993, MAPS 4740",Osibisa,Osibisa,"MCA Records, MCA Records, MCA Records","LP, Album, RE",,1974,1713404,Uncategorized,2015-11-03 09:01:40,,,
812 265-1,Donna Summer,She Works Hard For The Money,Mercury,"LP, Album",,1983,1106160,Uncategorized,2016-12-02 19:01:36,,,
ME 511,Burning Vision,Positiv Forces,Metal Enterprises,"LP, Album",,1987,1501907,200,2015-11-03 09:03:01,,200,
MOVLP706,Gov't Mule,Life Before Insanity,"Music On Vinyl, Sony Music","2xLP, Album, RE, 180",,2013,4611437,500+,2015-11-03 08:13:36,,2000,
MOVLP729,Jamiroquai,Emergency On Planet Earth,"Music On Vinyl, Sony Music","2xLP, Album, RE, RM, 180",,2013,4381744,archive,2015-11-03 08:55:46,,1000₽,
TA 2003,Gentle Giant,In A Glass House,Not On Label,"LP, Album, Unofficial",,1993,1962028,Uncategorized,2016-03-27 06:50:24,,,
К1–К4,Крематорий,Двойной Альбом,Not On Label (Крематорий Self-released),"2xLP, Album, Lam",,1993,1064022,Uncategorized,2016-05-09 17:37:37,,,
1J 062-15.564,Franck Pourcel,Concorde,Odeon,"LP, Album",,1975,3004677,200,2017-03-15 12:28:27,,200,
9111 0806,Ferdinand Klinda,Bach Reger Franck Dupré,Opus,"LP, Album",,1979,5507655,Uncategorized,2020-04-24 14:24:38,,,
9113 1126,Pavol Hammel,Remote Barber's Shop,Opus,"LP, Album",,1981,2204596,100,2017-12-17 12:38:09,,100,
9113 1308,Marián Varga,Stále Tie Dni • The Same Days Again,Opus,"LP, Album",,1984,9438765,100,2020-05-24 11:06:10,,,
9113 1587,Modus (2),The Best Girls,Opus,"LP, Album",,1985,3427861,100,2017-12-17 12:50:25,,100,
9113 1665,Elán,School Party,Opus,"LP, Album, RP",,1986,4624751,200,2018-10-03 14:40:05,,200,
9116 1030,Linha Singers,Divertimento Con Maestri,Opus,"LP, Album",,1982,8365951,Uncategorized,2020-04-24 14:23:01,,,
2310 814,Ella Fitzgerald & Cole Porter,Dream Dancing,Pablo Records,LP,,1978,3462784,Uncategorized,2016-03-13 07:18:17,,,
8113 0080,ORM,Discofil,Panton,"LP, Album",,1979,590766,200,2019-03-24 13:07:42,,200,
DB 74766,David Bowie,Station To Station,Parlophone,"LP, Album, RE, RM, 180",,2017,9810328,Uncategorized,2019-02-18 18:16:25,,,
"7243 531138 1 0, 7243 5 31138 1 0",Gorillaz,Gorillaz,"Parlophone, Parlophone","2xLP, Album, Gat",,2001,204021,500+,2015-11-08 10:34:13,,2000,
"825646205639, DBLP6414",David Bowie,Nothing Has Changed,"Parlophone, Parlophone","2xLP, Comp",,2014,6301714,Uncategorized,2016-02-22 16:05:27,,,
"PCS 7303, 24 0520 1, PSB1",Pet Shop Boys,Please,"Parlophone, Parlophone, Parlophone","LP, Album, EMI",,1986,107872,500,2015-11-10 09:49:32,,,
SLPM 17773,Edda Művek,Edda Művek 3.,Pepita,"LP, Album",,1983,3036478,200,2016-05-25 18:53:10,,200,
2110407,Zvonko Bogdan I Ansambl Janike Balaža,Zvonko Bogdan,PGP RTB,"LP, Album, 1st",,1981,4096100,100,2017-12-17 12:42:18,,100,
"2222752, SP 5013",Bryan Adams,Reckless,"PGP RTB, A&M Records","LP, Album",,1985,2672568,Uncategorized,2016-01-12 12:13:58,,,
"2222965, enja 3069",Gil Evans And His Orchestra,Blues In Orbit,"PGP RTB, Enja Records","LP, Album",,1985,2968352,Uncategorized,2015-11-03 08:13:10,,,
6410 144,De Havenzangers,Oh Heideroosje,Philips,"LP, Album",,1978,2378773,200,2019-03-08 12:28:45,,200,
"PFRLP8, 5099902987613",Pink Floyd,The Dark Side Of The Moon,"Pink Floyd Records, Pink Floyd Records","LP, Album, RE, RM, Gat",,2016,9287809,Uncategorized,2019-02-18 18:14:47,,,
SX 1687,Livin' Blues,Blue Breeze,Polskie Nagrania Muza,"LP, Album, RP",,0,1979923,Uncategorized,2018-09-30 08:32:10,,,
SX 2525,Young Power (2),Young Power,Polskie Nagrania Muza,"LP, Album",,1987,1458310,Uncategorized,2017-09-02 19:34:56,,,
SXL 0061,Frédéric Chopin,Ballady - Ballades,Polskie Nagrania Muza,"LP, Album",,1960,6681334,Uncategorized,2019-10-05 14:47:58,,,
SXL 0523,Poznan Chamber Orchestra Dyr. Robert Satanowski,Polskie Symfonie,Polskie Nagrania Muza,LP,,0,5468675,Uncategorized,2020-04-24 14:19:48,,,
SXL 0789,Mieczysław Mazur,Польский Джаз (27),Polskie Nagrania Muza,"LP, Album",,0,7565805,Uncategorized,2015-11-06 13:53:51,,,
SXL 0830,Various,Jazz Jamboree '71 - Vol. 2,Polskie Nagrania Muza,LP,,1971,2286636,Uncategorized,2015-11-06 13:32:34,,,
XL 0057,Frédéric Chopin,Polonezy / Polonaises Vol. I - Dzieła Wszystkie (Complete Works),Polskie Nagrania Muza,"LP, Album, Mono",,1960,2632741,Uncategorized,2019-10-05 14:46:58,,,
XL 0076,"Frédéric Chopin - Władysław Kędra, The National Warsaw Philharmonic Orchestra, Witold Rowicki",Dzieła Wszystkie = Complete Works,Polskie Nagrania Muza,"LP, Album",,0,8182410,Uncategorized,2019-10-05 14:49:26,,,
"SXL 0058, XL 0058",Frédéric Chopin,Dzieła Wszystkie - Polonezy Vol. II,"Polskie Nagrania Muza, Polskie Nagrania Muza","LP, Album, Bla",,1960,4910885,Uncategorized,2019-10-05 14:48:59,,,
XL 0092,Frédéric Chopin – Henryk Sztompka,Dzieła Wszystkie · Complete Works - Wszystkie Mazurki · Complete Mazurkas Vol. I,"Polskie Nagrania Muza, Towarzystwo Im. Fryderyka Chopina","LP, Mono",,0,10227293,Uncategorized,2019-10-05 14:49:58,,,
236 501,Trio Hellenique,Spotlight On Trio Hellenique,Polydor,"LP, Comp",,1966,7533307,100,2019-10-28 19:08:21,,100,
833 909-1,Gianna Nannini,Maschi E Altri,Polydor,"LP, Comp",,1987,2722120,500,2016-12-02 18:54:17,,,
MR 3027,Finger 5,2nd Live,Polydor,"LP, Album",,1976,11388050,300,2019-05-09 13:52:44,,,
"PD-1-6112, 2310 555",Jean-Michel Jarre,Oxygene,"Polydor, Polydor","LP, Album",,1976,2334057,Uncategorized,2015-12-27 08:33:40,,,
PRT 25054,Saga (3),Worlds Apart,Portrait,"LP, Album",,1982,2058896,300,2015-11-12 08:25:29,,,
PP 9012,"Arne Dagsvik, Harald Bjørkøy, Landsdelsmusikerne I Troms",Så Lenge-,Pro Musica,LP,,0,12420458,Uncategorized,2020-04-24 14:23:56,,,
PSJ 126,String Connection,New Romantic Expectation,Pronit,"LP, Album",,0,6627459,Uncategorized,2015-11-06 13:40:14,,,
PSJ-103,Gold Washboard,Gold Washboard,Pronit,"LP, Album",,0,5908944,200,2018-10-03 17:49:51,,200,
PSJ-104,Extra Ball,Mosquito,Pronit,"LP, Album",,0,4067129,200,2018-10-03 17:47:08,,200,
PSJ-113,Grand Standard Orchestra,Grand Standard Orchestra Vol. 2,Pronit,LP,,0,7463504,200,2018-10-03 17:47:39,,200,
PSJ-120,Heavy Metal Sextet,Heavy Metal Sextet,Pronit,"LP, Album",,1984,3908791,100,2018-10-03 17:45:56,,100,
PSJ-124,Old Timers,Old Timers,Pronit,"LP, Album",,0,3892569,200,2018-10-03 17:46:28,,200,
PSJ-98,Grand Standard Orchestra,Grand Standard Orchestra,Pronit,"LP, Album",,1982,8066226,200,2018-10-03 17:48:09,,200,
"LPX•10 120, LPX 10120, SLPX 10120",Kondor Ernő,Hungarian Songs (Kondor Ernö Dalai),"Qualiton, Qualiton, Qualiton",LP,,1970,6294221,200,2018-10-03 14:27:44,,200,
RCS-3211/1-2,Spike Jones And His City Slickers,Spike Jones Murders Them All,RCA Victor,"2xLP, Comp",,1973,11854355,200,2018-05-27 14:07:36,,200,
RS 1003,David Bowie,Pinups,RCA Victor,"LP, Album",,1973,440664,Uncategorized,2015-11-08 10:00:33,,,
"RS 1001, LSP-4852",David Bowie,Aladdin Sane,"RCA Victor, RCA Victor","LP, Album, Gat",,1973,354906,Uncategorized,2015-11-08 09:57:27,,,
"BOW LP 2, PL 13647",David Bowie,Scary Monsters,"RCA, RCA","LP, Album",,1980,423056,Uncategorized,2019-12-24 19:26:00,,,
"PL 71050, PL71050",Eurythmics,Revenge,"RCA, RCA","LP, Album",,1986,116593,Uncategorized,2016-12-03 13:47:32,,,
"PL 84 697, PL 84697",Kenny Rogers,Eyes That See In The Dark,"RCA, RCA","LP, Album",,1983,1083356,500,2016-12-02 18:59:35,,,
RGM 003,Форум,Черный Дракон,RGM,"LP, Album",,1992,3720528,archive,2019-11-23 11:16:47,,,
"8122799149 , 8122-79914-9",Prince And The Revolution,Purple Rain,"Rhino Records (2), Warner Bros. Records","LP, Album, RE, RM, 180",,2009,3021810,Uncategorized,2019-03-01 07:45:02,,,
33CM 03275-6,Pēteris Sīpolnieks / Leonarda Daine,The Big Organ Of Riga Dom,RiTonis,"LP, Rep",,1991,4914129,Uncategorized,2016-07-22 05:17:54,,,
R10 00317,George Gershwin : Ella Fitzgerald - Louis Armstrong,Porgy And Bess,Russian Disc,"LP, Unofficial",,1991,1940500,Uncategorized,2015-11-06 19:14:30,,,
R60 00103,Михаил Шабров,Я Влюбился В Балерину,Russian Disc,"12"", Comp",,1991,3629775,archive,2019-11-23 11:20:27,,,
R60 00375,Дмитрий Умецкий,Другой,Russian Disc,"LP, Album",,1991,1933206,200,2015-12-27 08:42:58,,200,
R60 00405,Кино = Кино,Le Dernier Des Héros = Последний Герой,Russian Disc,"LP, Album, Whi",,1991,1237479,Uncategorized,2015-12-19 21:21:04,,,
R60 00507,Yes,Time And A Word,Russian Disc,"LP, Album, RE, Unofficial",,1991,2088115,Uncategorized,2015-11-19 13:20:13,,,
R60 00511,Pink Floyd,1967-68,Russian Disc,"2xLP, Comp, RE, Unofficial, Gat",,1992,2169864,500,2015-11-10 08:06:26,,,
R60 00515,Patricia Kaas,Scène De Vie,Russian Disc,"LP, Album",,1991,2436767,Uncategorized,2018-04-15 11:34:49,,,
R60 00683,Johnny Hodges = Johnny Hodges,Золотой Саксофон,Russian Disc,LP,,1992,7133494,100,2018-10-02 13:06:15,,100,
R60 00685,Dinah Washington = Dinah Washington,Cried For You = Зову Тебя,Russian Disc,"LP, Comp, Unofficial",,1991,10128511,100,2018-10-02 13:07:16,,100,
R60 00793,Bill Haley And His Comets,Bill Haley And His Comets,Russian Disc,"LP, Comp, Unofficial",,1992,8736132,200,2018-10-10 10:00:52,,200,
R60 01193,Браво,Браво - 10,Russian Disc,"LP, Album",,1992,1844500,100,2018-10-10 14:39:27,,100,
R60 01379,Buddy Holly,That'll Be The Day,Russian Disc,"LP, Comp, Unofficial",,1992,2920972,200,2019-10-05 14:39:13,,200,
1-001-A-6,Hiroko,Хироко,"Sintez Corporation, RiTonis","LP, Album, Red",,1991,4573937,archive,2015-12-27 09:03:35,,,
1-023-С-6,Ольга Кормухина,За Гранью Слов,Sintez Records,"LP, Album",,1991,1933064,200,2020-04-05 15:06:03,,200,
1-034-С-6,Браво = Браво,Стиляги Из Москвы = Teddy-Boys From Moscow,Sintez Records,"LP, Album",,1991,1063959,archive,2019-05-09 13:44:37,,100,
"1-012-С-6, С60 31587 006",Гарик Сукачёв,"Акция ""Нонсенс""","Sintez Records, RiTonis","LP, Album",,1991,1890867,200,2019-02-27 19:05:45,,200,
"1-015-С-6, С60 31689 006",Car-Man,Кар-Мэн,"Sintez Records, RiTonis","LP, Album, Whi",,1991,5157795,Uncategorized,2015-12-19 21:04:45,,,
"1-022-С-6, С60 32461 009",Андрей Макаревич,У Ломбарда,"Sintez Records, RiTonis","LP, Album",,1991,1889412,100,2020-04-05 14:16:59,,100,
"1-035-С-6, С90 31915 004",Joanna Stingray,Walking Through Windows,"Sintez Records, RiTonis","LP, Album",,1991,2730712,100,2019-05-09 13:43:21,,,
"1-038-С-6, С60 32383 000",Зодчие,Наливай!,"Sintez Records, RiTonis","LP, Album",,1991,2861396,Uncategorized,2015-12-19 20:54:16,,,
ME 1797-8,Моральный Кодекс,Сотрясение Мозга,SNC Records,"LP, Album",,1991,1835946,300,2015-12-19 21:15:04,,,
ME 1805-6,Аквариум,История Аквариума. Архив. Том III,SNC Records,"LP, Album, Gat",,1991,1231522,archive,2018-10-10 10:14:43,,100,
ME 1807-8,Tin Machine,Tin Machine II,SNC Records,"LP, Album, M/Print",,1992,1988604,Uncategorized,2019-03-02 15:46:05,,,
ME 2061,G-Force (19) . Gary Moore,G-Force,SNC Records,"LP, Album, RE",,1992,2087763,archive,2018-07-27 14:51:43,,400₽,
R60 00399-400,Gorky Park,Gorky Park,SNC Records,"LP, Album, RP",,1990,1431718,archive,2016-08-25 09:16:21,,,
С90 31087 004,Black Sabbath,Paranoid,SNC Records,"LP, Album, RE, Red",,1990,1883795,archive,2019-02-27 19:06:27,,300₽,
С90 32479-80,Rock Aid Armenia / Various,The Earthquake Album,SNC Records,"LP, Comp, Red",,1992,1760095,archive,2015-11-19 13:03:13,,,
"1461-2, 1461—62",Бригада С,Аллергии - Нет!,"SNC Records, SNC Records","LP, Album",,1991,1949552,100,2019-05-10 09:30:16,,100,
"ME 1811, ME 1811-2",Технология,"Всё, Что Ты Хочешь!!!","SNC Records, SNC Records","LP, Album",,1991,1137692,Uncategorized,2017-09-02 18:33:34,,,
1 13 1187,"Miloslav Bureš, Lubomír Pánek Singers, Václav Zahradník Orchestra",Evenings On The Volga,Supraphon,"LP, Album",,1974,7406835,100,2019-07-27 14:44:35,,100,
1 13 1978,"Felix Slováček, Orchestra Ladislav Štaidl",Felix Slováček III.,Supraphon,"LP, Album, RP",,1978,789796,200,2015-11-06 13:48:08,,200,
1 13 2218,SBB,SBB,Supraphon,"LP, Album, RP",,1983,5351894,Uncategorized,2015-11-07 13:48:52,,,
1113 2518,Pražské Smyčce,Dancing And Dreaming,Supraphon,"LP, RP",,1982,11943884,Uncategorized,2018-10-02 13:07:59,,,
1113 2713,Felix Slováček,The Very Best Of Felix Slováček,Supraphon,"LP, Comp, RP",,1982,7776828,200,2016-05-25 18:55:29,,200,
1113 2737,Karel Gott,Karel Gott Dnes,Supraphon,"LP, Album",,1980,7444531,200,2018-10-03 17:32:57,,200,
1113 2888,Olympic (2),Rock And Roll,Supraphon,LP,,1982,2212707,300,2018-10-03 14:29:23,,,
1113 2907,Karel Zich,Mosty,Supraphon,"LP, Album",,1981,5086144,300,2018-10-03 14:31:30,,,
1113 3069,Jitka Zelenková,Close-Up,Supraphon,"LP, Album",,1982,1738166,100,2018-10-03 14:30:49,,100,
1113 3127,Olympic (2),The Street,Supraphon,"LP, Album",,1982,1560592,200,2017-12-17 12:48:33,,200,
1113 3336,Goldie Ens,This Is My Life,Supraphon,"LP, Album",,1983,3327926,200,2017-12-17 12:52:16,,200,
1113 3839 ,Turbo (7),Heavy Waters,Supraphon,"LP, Album",,1985,2539974,100,2018-10-03 14:44:40,,100,
1113 4076,Goldie Ens,Plastic World,Supraphon,"LP, Album, RP, Ora",,1986,2697345,200,2016-01-12 12:12:54,,200,
1115 2449,Gustav Brom Orchestra,Artistry In Swing,Supraphon,"LP, Album",,1979,11748763,Uncategorized,2018-10-02 14:50:47,,,
1115 2488,Swing Kvartet,Tea For Four,Supraphon,"LP, Album",,1980,10973177,Uncategorized,2018-09-30 08:37:18,,,
1 13 2224,Pink Floyd,The Dark Side Of The Moon,"Supraphon, EMI, Gramofonový Klub","LP, Album, Club",,1978,3925223,archive,2015-11-10 08:08:38,,600₽,
1010 2856,"Johannes Brahms, Arthur Rubinstein, The London Symphony Orchestra, Albert Coates",Piano Concerto No. 2,"Supraphon, Gramofonový Klub","LP, Club",,1981,11995529,Uncategorized,2020-04-24 14:22:38,,,
"1113 4408, 10 4408-1 311",Karel Svoboda,Čau Lásko,"Supraphon, Supraphon","LP, Comp, RP, Exp",,1987,4805004,200,2018-10-03 17:31:56,,200,
"1115 4255, 10 4255-1511",Peter Lipa & Luboš Andršt Blues Band,Blues Office,"Supraphon, Supraphon","LP, Album",,1988,2539937,Uncategorized,2015-12-29 13:16:25,,,
SETML 23,"Grover Washington, Jr.",Skylarkin',Tamla Motown,"LP, Album",,1980,4446239,Uncategorized,2018-09-30 08:27:52,,,
SX-T 2,Alex Band (2),Zderzenie Myśli,Tonpress,"LP, Album, Cre",,1980,1186073,200,2018-10-03 17:34:42,,200,
SX-T 55,Various,Ulubione Melodie,Tonpress,LP,,0,2640962,200,2018-10-03 17:35:36,,200,
6370 432,Nazareth (2),Malice In Wonderland,Vertigo,"LP, Album",,1980,4319189,archive,2018-10-03 14:42:02,,200,
V2001,Mike Oldfield,Tubular Bells,Virgin,"LP, Album, RE",,1984,4152861,Uncategorized,2016-03-13 06:52:41,,,
"601 370-213, 601 370",Mike Oldfield Vocals: Maggie Reilly,To France,"Virgin, Virgin","12""",,1984,523480,100,2018-10-02 12:46:59,,100,
"V2013, V.2013",Mike Oldfield,Hergest Ridge,"Virgin, Virgin","LP, Album",,1974,459493,500,2016-09-16 11:22:16,,,
"VL 2237, VL-2237",Mike Oldfield,Five Miles Out,"Virgin, Virgin","LP, Album, Gat",,1982,1846543,300,2016-03-13 06:01:01,,,
P-10774W,Marc Jordan,Blue Desert,Warner Bros. Records,"LP, Album",,1979,4768021,Uncategorized,2015-11-16 12:57:12,,,
P-11141,Maxus,Maxus,Warner Bros. Records,"LP, Album",,1981,3850637,Uncategorized,2015-11-12 08:47:19,,,
P-11383,Larry Graham,Victory,Warner Bros. Records,"LP, Album",,1983,4288368,archive,2015-11-17 08:49:17,,500₽,
P-11421,Patti Austin,Patti Austin,Warner Bros. Records,"LP, Album",,1984,8514182,Uncategorized,2018-10-03 17:10:54,,,
P-5629~30,Rufus & Chaka Khan,Live (Stompin' At The Savoy),Warner Bros. Records,"2xLP, Album",,1990,5360319,Uncategorized,2015-11-12 13:59:32,,,
"1-25725, 9 25725-1",Hank Williams Jr.,Wild Streak,"Warner Bros. Records, Curb Records, Warner Bros. Records, Curb Records","LP, Album",,1988,3204264,archive,2016-10-30 17:19:14,,200,
"1-25531, 9 25531-1",Club Nouveau,"Life, Love & Pain","Warner Bros. Records, Warner Bros. Records","LP, Album",,1986,531790,300,2016-12-03 13:52:47,,,
LP 077,Baden Baden,You Are The One,"Wifon, Pronit","LP, Album, Red",,1986,4876637,200,2018-10-03 14:48:52,,200,
"LP-072, LP 072",Imagination,Imagination,"Wifon, Wifon",LP,,1985,558122,200,2018-09-30 08:56:15,,200,
ZN 001,Billy Bragg,Talking With The Taxman About Poetry,Zona Records,"LP, Album",,1991,1145221,100,2018-10-07 10:49:16,,100,
ZN 002,Andy White (4),Himself,Zona Records,"LP, Album, 2nd",,1991,1147837,100,2018-10-07 10:48:56,,100,
ZN 009,Sexepil,Love Jealousy Hate,Zona Records,"LP, Album",,1991,1147823,200,2018-10-03 17:26:56,,200,
"LPP 0001, LPP 0002","Юрій Рибчинський, Геннадій Татарченко",White Crow = Белая Ворона,"Аудіо Україна, Аудіо Україна",2xLP,,1991,3780059,archive,2018-09-30 09:01:29,,,
BTA 11245,Tight Fit,Tight Fit,Балкантон,"LP, Album",,1982,2499722,50,2016-07-22 05:26:48,,50,
BTA 11920,Stevie Wonder,Greatest Hits,Балкантон,"LP, Comp",,1985,4579785,Uncategorized,2015-11-06 13:54:25,,,
BTA 12204,Toto,Fahrenheit,Балкантон,"LP, Album, lig",,1987,4101253,Uncategorized,2018-10-03 17:37:36,,,
BTA 12597,Gerry Mulligan,The Collection,Балкантон,"LP, Comp",,1990,2457519,Uncategorized,2016-07-22 05:29:20,,,
ВТА 10279,Mungo Jerry & Ray Dorset,Златният Орфей,Балкантон,"LP, Album",,1978,12712305,200,2019-03-08 12:29:20,,200,
ВТА 10540,Васил Найденов,Адаптация,Балкантон,"LP, Album, Red",,1980,8104555,100,2016-04-24 17:18:07,,200,
ВТА 10599,Софийски Диксиленд и Камелия Тодорова,Sofia Dixieland and Camellia Todorova,Балкантон,"LP, Album, Blu",,1980,11522916,200,2018-10-10 09:51:47,,200,
ВТА 10995,ФСБ,След Десет Години = Ten Years After,Балкантон,"12"", MiniAlbum",,1983,2727702,50,2017-12-17 12:43:19,,,
ВТА 11244,Deep Purple,The Deep Purple Singles A's & B's,Балкантон,"LP, Comp",,1983,2280845,archive,2015-11-19 13:11:35,,100₽,
ВТА 11580,Various,Моята Дискотека 2,Балкантон,"LP, Comp",,1984,6593673,Uncategorized,2015-12-27 09:09:48,,,
ВТА 11890,Ray Charles,Selected Songs = Избранные Песни,Балкантон,"LP, Comp, RP",,1988,564314,Uncategorized,2015-11-06 19:24:28,,,
ВТА 1217,Emil Dimitrov,Моя Страна,Балкантон,"LP, Album",,1970,3495655,archive,2019-04-21 11:30:46,,,
ВТА 1502,Various,Jazz Panorama II,Балкантон,LP,,1973,5518817,Uncategorized,2015-11-06 19:12:53,,,
ВТА 1809,Various,Jazz Panorama III,Балкантон,"LP, Comp, Whi",,1976,1828068,Uncategorized,2016-01-21 11:34:18,,,
ВХА 1241,Ludwig van Beethoven,Mass in c major,Балкантон,LP,,0,14721043,Uncategorized,2020-04-24 14:58:58,,,
"ВТА 1141, ВТА 1142",The Beatles,Love Songs,"Балкантон, Балкантон","2xLP, Comp, Gat",,1985,1954699,200,2018-09-30 09:55:04,,200,
510 160-1,Dire Straits,On Every Street,Ладъ,"LP, Album, Red",,1991,5200159,Uncategorized,2015-11-19 13:46:15,,,
LD - 238014,Dire Straits,Communiqué,Ладъ,"LP, Album",,1992,1964690,Uncategorized,2015-11-19 13:47:41,,,
LD – 238015,Dire Straits,Brothers In Arms,Ладъ,"LP, Album, RE, Whi",,1992,1988581,Uncategorized,2015-11-19 13:47:01,,,
"МК 235038, BOLP 5004",Baltimoore,There's No Danger On The Roof,"Ладъ, Bozz",LP,,1991,2717909,archive,2015-12-27 08:36:29,,200,
"Д-04330, Д-04331",Van Cliburn - Sergei Vasilyevich Rachmaninoff,3-й Концерт Для Фортепиано С Оркестром,"Ленинградский Завод, Ленинградский Завод","LP, Mono",,0,7612575,50,2020-04-24 14:31:18,,50,
"Д-05608, Д-05609",Van Cliburn,Играет Ван Клиберн,"Ленинградский Завод, Ленинградский Завод","LP, Mono",,0,8651932,50,2018-05-27 14:04:29,,50,
 С60 10785 000,Евгений Дога,Мой Ласковый и Нежный Зверь,Мелодия,"LP, Album",,1983,6661462,archive,2019-11-23 11:18:46,,,
33 C 60—07403-04,Teach-In,Вокально-Инструментальный Ансамбль «Тич-Ин»,Мелодия,"LP, Album",,1977,3846974,Uncategorized,2018-10-07 10:17:33,,,
33 C 60—10267-68,Barbra Streisand,Отдых В Полдень,Мелодия,"LP, Album, RE",,1988,5392406,100,2019-07-27 14:45:39,,100,
33 C 60—12277-80 ,Vagif Mustafa Zadeh,Джазовые Композиции,Мелодия,"2xLP, Album",,1979,3924923,Uncategorized,2019-10-05 14:39:45,,,
33 C 90—11255-56,Various,Наша Песня,Мелодия,"LP, Comp",,1979,531783,100,2018-10-10 07:32:27,,100,
33 C60-06017-18,Ella Fitzgerald,Элла Фитцджеральд,Мелодия,"LP, Comp",,1976,2416330,archive,2016-01-21 11:32:38,,,
33 C60-06017-18,Ella Fitzgerald,Элла Фитцджеральд,Мелодия,"LP, Comp",,1976,2416330,Uncategorized,2019-02-27 18:25:25,,,
33 Д 018795-96,Maria Grinberg - Ludwig van Beethoven,Соната № 8 / Соната № 14 / Соната № 23,Мелодия,"LP, Mono, RP",,1975,5487454,Uncategorized,2016-01-15 12:25:03,,,
33 Д 020987—88,Various,Джаз 67. Пластинка 3,Мелодия,"LP, Mono",,1967,3750749,200,2018-05-27 14:00:57,,200,
33 Д 020987—88,Various,Джаз 67. Пластинка 3,Мелодия,"LP, Mono",,1967,3750749,Uncategorized,2019-05-13 16:55:49,,,
33 Д 032561-62,Василий Жуковский,"Сказка О Царе Берендее, О Сыне Его Иване Царевиче, О Хитростях Кощея Бессмертного И О Премудрости Марьи Царевны, Кощеевой Дочери",Мелодия,"LP, Mono, Whi",,1980,11972853,Uncategorized,2019-05-09 13:51:00,,,
33 М 60-38323-8,Duke Ellington And His Orchestra,Эра Эллингтона 1927-1940 = The Ellington Era Volume One: 1927-1940,Мелодия,"3xLP, Comp, Mono, RE + Box",,1976,4405794,Uncategorized,2016-01-11 11:47:13,,,
33 М 60—36929-34,Леонид Утесов,Записи 1930-1970 Годов (Второй Комплект),Мелодия,"3xLP, Comp, Mono + Box",,1975,5483066,500,2019-02-27 18:38:28,,,
33 М60—40743-44,Geraldo And His Orchestra,Кариока,Мелодия,"LP, Album, Mono",,1978,6620056,100,2018-10-03 17:41:56,,100,
33 М80—35877-8,Various,Гагаку (Японская Старинная Музыка) ,Мелодия,"LP, Mono, RE",,1981,2413474,Uncategorized,2016-05-14 12:36:12,,,
33 НД 05342-47,Sergei Prokofiev,Ромео И Джульетта,Мелодия,"3xLP, Mono, RE + Box",,1974,12504923,Uncategorized,2020-04-12 08:40:01,,,
33 С 04611-12,Los Angeles,Лос Анхелес,Мелодия,"LP, Album",,1974,2840298,50,2018-10-07 10:22:08,,50,
33 С 04613-14,Karina (4),Поет Карина,Мелодия,"LP, Blu",,1974,2835526,archive,2019-11-23 11:17:11,,,
33 С 10-07543-4,Arcangelo Corelli - Soloists Ensemble Of The Moscow Philharmonic Academic Symphony Orchestra Дирижёр  Igor Oistrach,"Concerti Grossi, соч. 6",Мелодия,LP,,1973,12646167,Uncategorized,2020-04-24 14:49:25,,,
33 С 10—07529-30,George Gershwin,Концерт Фа Мажор Для Фортепиано С Оркестром / Порги И Бесс    ,Мелодия,LP,,1978,5760336,Uncategorized,2016-01-15 12:20:03,,,
33 С 20—07889-90,Вячеслав Широков,Гитарист Вячеслав Широков,Мелодия,LP,,1976,9397607,Uncategorized,2019-10-05 14:37:30,,,
33 С 20—11455-6,Национальный Академический Оркестр Народных Инструментов России Имени Н.П. Осипова,Танцы Народов СССР,Мелодия,"LP, Album, RP, Blu",,0,14180273,Uncategorized,2019-10-05 14:38:41,,,
33 С 50—05839-42,Dmitry Kabalevsky,Опера Сестры,Мелодия,2xLP,,1975,9402406,100,2020-08-09 08:19:54,,,
33 С 60---05391-2,Paul Mauriat And His Orchestra,Музыка Из Кинофильмов,Мелодия,"LP, Comp",,1974,4444858,Uncategorized,2016-01-15 12:16:48,,,
33 С 60—08171-72,Miguel Ramos,"Мигель Рамос, Орган ""Хаммонд"" В Сопровождении Инструментального Ансамбля",Мелодия,"LP, Album",,1977,2988190,100,2016-07-22 05:28:41,,100,
33 С 60—08855-56,Michel (18),Поет Мичел,Мелодия,"LP, Album",,1978,3355730,Uncategorized,2015-12-27 08:32:11,,,
33 С 60—09545-46,Андрей Петров,"Песни И Инструментальная Музыка Из К/Ф ""Служебный Роман""",Мелодия,"LP, Album, RP, Pin",,0,10317481,archive,2019-11-23 11:19:05,,,
33 С 60—10261-62,Louis Armstrong,Какой Удивительный Мир,Мелодия,"LP, Album, RE",,1978,2458308,100,2016-01-21 11:33:08,,100,
33 С 60—10861-2,Alex Silvanni,Электроорган,Мелодия,LP,,1978,5877856,100,2015-11-06 13:49:21,,100,
33 С 60—11767-8,Andrzej I Eliza,Анджей И Элиза II,Мелодия,"LP, Album",,1979,2155470,Uncategorized,2015-12-27 08:32:46,,,
33 С 60—12047-48,Demis Roussos,Большой Успех 1,Мелодия,"LP, Comp",,1979,1661281,100,2019-02-27 18:36:13,,100,
33 С 60—12049-50,Demis Roussos,Большой Успех 2,Мелодия,"LP, Comp",,1979,1661298,50,2019-02-27 19:03:27,,50,
33 С 60—12677-8,Waldo De Los Rios,Волшебная Музыка,Мелодия,"LP, Comp, RE, Whi",,1979,3220418,archive,2016-01-15 12:20:53,,,
33 С 60—13411-12,"Benny Goodman со своим Benny Goodman And His Orchestra, Benny Goodman Sextet, The Benny Goodman Quartet",Бенни Гудмен,Мелодия,"LP, Comp",,1980,2729502,100,2015-11-06 13:46:27,,100,
33 С 60—13869-70,Billie Holiday,Билли Холидей,Мелодия,"LP, Album, RE, Pin",,1980,1230781,Uncategorized,2015-11-06 13:49:53,,,
33 С10-07399-400,Ludwig van Beethoven - Emil Gilels,"Sonatas Nos. 8, 14",Мелодия,"LP, RP",,1977,5823668,Uncategorized,2016-01-15 12:12:56,,,
33 С60 18363 008,Новелла Матвеева,Дорога - Мой Дом,Мелодия,"LP, Album",,1989,10024950,50,2020-05-24 11:22:34,,50,
33 С60-05789-90,Anna German,Анна Герман,Мелодия,"LP, Album",,1975,6905427,Uncategorized,2016-07-20 08:36:21,,,
33 С60-07083-84,София Ротару,София Ротару II,Мелодия,"LP, Album, RP",,1977,3123738,Uncategorized,2019-04-21 11:29:03,,,
33 С60-07085-86,Александр Зацепин,"Песни Из Кинофильма ""Между Небом И Землей""",Мелодия,"LP, Album",,1976,1786775,archive,2019-11-23 11:00:18,,,
33 С60‎–14881-2,Marisol,Поет Марисоль,Мелодия,"LP, Album, RE, wit",,1981,10887654,archive,2018-10-07 10:45:32,,,
33 С60—06407-08,Vagif Mustafa Zadeh,Джазовые Композиции,Мелодия,"LP, Album",,1976,7101702,Uncategorized,2019-06-12 06:50:44,,,
33 С62—08055-56,Various,День Победы,Мелодия,"7"", Comp",,1977,1673823,Uncategorized,2020-04-12 08:49:04,,,
33 С90-10785-6,Евгений Дога,Мой Ласковый и Нежный Зверь,Мелодия,"LP, Album",,1980,3525999,archive,2019-11-23 11:01:30,,,
33 СМ 02409-10,Духовой Оркестр Министерства Обороны СССР,Марши И Вальсы Для Духового Оркестра,Мелодия,"LP, Album, Whi",,1978,7627824,Uncategorized,2016-11-14 09:37:06,,,
33 СМ 03275-76,Pēteris Sīpolnieks & Leonarda Daine,Большой Орган Рижского Домского Собора,Мелодия,"LP, Fli",,1974,5956989,Uncategorized,2016-01-12 12:10:35,,,
33 СМ 03793-94,Соня Тимофеева,Цыганские Песни,Мелодия,"LP, Album",,1973,4539686,100,2020-05-24 11:16:38,,100,
33C 01597—98,Wolfgang Amadeus Mozart,"Кончертоне Для Двух Скрипок И Оркестра До Маржор, К. 190 / Концертная Симфония Ля Маржор ",Мелодия,"LP, RP",,0,12540285,Uncategorized,2020-04-24 14:48:23,,,
33Д-033307/12,Леонид Утесов,Записи 1929—1946 годов,Мелодия,"3xLP, Comp, Mono, ВСГ + Box",,1972,7889497,Uncategorized,2020-04-12 08:37:19,,,
33С 01263-4-С60-05408(a),Various,Цыганские Песни - Gypsy Songs,Мелодия,"LP, Comp, RE, Exp",,1974,7943900,100,2020-05-24 11:17:59,,100,
33С 01767—68(a),Nikolai Rimsky-Korsakov,Scheherazade,Мелодия,LP,,0,7631001,Uncategorized,2019-06-12 06:52:16,,,
33С 60-05423-28,Various,Песни Великой Отечественной Войны,Мелодия,"3xLP, Comp + Box",,1975,7881427,Uncategorized,2020-04-12 08:46:08,,,
33С 60-05423-28,Various,Песни Великой Отечественной Войны,Мелодия,"3xLP, Comp + Box",,1975,7881427,300,2020-04-12 08:52:31,,,
33С60—10263—64,Duke Ellington - Coleman Hawkins,Дюк Эллингтон Встречается С Коулменом Хокинсом,Мелодия,"LP, Album, RE, Pin",,1978,3355748,100,2015-11-06 13:44:00,,100,
33СМ 02057-58,"Vija Vismane, Pēteris Sīpolnieks",Ērģeles,Мелодия,"LP, RP, Yel",,1978,4063306,Uncategorized,2020-04-24 14:37:30,,,
33СМ 03217-18,Various,Искристый Водопад,Мелодия,"LP, Comp, Pin",,0,6461024,100,2016-11-03 09:01:37,,100,
33СМ 03277-8,James Dalton,Rīgas Doma Lielās Ērģeles,Мелодия,"LP, RP",,1976,7499563,Uncategorized,2016-07-22 05:17:11,,,
33СМ 03279-80,Jevgēņija Ļisicina,The Big Organ Of Riga Dom,Мелодия,"LP, Album, RP",,1980,6517402,Uncategorized,2016-01-12 12:09:31,,,
33СМ 03647-8,Rolf Uusväli,Eesti Orelid 6,Мелодия,"LP, Album",,1976,4560016,Uncategorized,2020-04-24 14:41:04,,,
33СМ-02891-92,Latvian TV And Radio Variety Orchestra,Aicinājums Uz Deju 2 = Invitation To The Dance  2 = Приглашение К Танцу 2,Мелодия,"LP, Album",,1972,3682543,Uncategorized,2020-04-24 14:54:34,,,
A10 00325 008,Pyotr Ilyich Tchaikovsky - Mikhail Pletnev = Pyotr Ilyich Tchaikovsky - Mikhail Pletnev,Времена Года = The Seasons,Мелодия,LP,,1988,4951154,Uncategorized,2016-07-29 15:04:15,,,
A60 00427 007,Peter Gabriel,Питер Гейбриэл,Мелодия,"LP, Album",,1988,4822399,Uncategorized,2015-11-10 09:59:16,,,
A60 00439 008,Various,Greenpeace - Breakthrough,Мелодия,"2xLP, Comp, Gat",,1989,664368,Uncategorized,2015-11-19 13:48:21,,,
A90 00265 002,"Московский Камерный Хор, Владимир Минин, Evgeny Nesterenko",Русская И Болгарская Духовная Хоровая Музыка ·  Russian And Bulgarian Sacred Choral Music,Мелодия,"LP, Album",,1988,3237637,50,2016-07-22 05:13:53,,50,
C 60-15353/15978,Apelsin,Ансамбль ·Апельсин·,Мелодия,"LP, Album, Lam",,1981,564328,100,2015-12-19 20:52:55,,100,
C 60—13515-16,Dalida,Поет Далида,Мелодия,"LP, Comp, RP",,0,2724494,50,2015-12-27 09:07:43,,50,
C 60—14203-04,Группа Стаса Намина,Гимн Солнцу,Мелодия,"LP, Album, Exp",,0,4302407,100,2015-12-19 21:05:50,,100,
C10 06007-8,Pyotr Ilyich Tchaikovsky - Igor Zhukov,Времена Года,Мелодия,"LP, Album, RE",,1990,2553533,Uncategorized,2016-01-15 12:29:17,,,
C10 28751 003,Various,Музыкальный Телетайп - 6,Мелодия,"LP, Comp, RP",,1990,2013196,archive,2016-01-15 12:14:16,,,
C10-12667-8,"Antonio Vivaldi, Riga Chamber Choir ""Ave Sol"", Imants Kokars",Gloria,Мелодия,LP,,1981,4918555,Uncategorized,2020-04-24 14:32:13,,,
C10—14683-4,"Giacomo Puccini - Moscow Philharmonic Orchestra, Valsts Akadēmiskais Koris ""Latvija"" , Дирижер Dimitrij Kitaenko",Messa Di Gloria,Мелодия,"LP, Album, Pin",,0,11157171,Uncategorized,2020-04-24 14:52:49,,,
C20 19723 001,Аюшка,Русские Песни И Наигрыши,Мелодия,"LP, Album",,1983,11593277,50,2020-05-24 11:25:14,,,
C20 27153 002,Иван Суржиков,Окрасился месяц багрянцем,Мелодия,LP,,1989,9025926,50,2017-09-02 18:44:53,,,
C60  30193 007,The Dave Brubeck Quartet,IN Moscow,Мелодия,"LP, Album",,1990,2980821,100,2018-10-02 13:08:21,,100,
C60 19321 002,Rock Hotel,Rock-Hotel,Мелодия,"LP, Album, Lam",,1983,3430280,archive,2018-10-10 10:04:05,,100,
C60 19695 002,Nini Rosso E Il Suo Complesso,Неаполь,Мелодия,"LP, Album",,1983,3396475,100,2018-10-03 18:00:20,,100,
C60 20203 001,Tiger Okoshi,Tiger's Baku,Мелодия,LP,,1984,2748641,100,2018-10-02 13:13:22,,100,
C60 22407 000,Wes Montgomery,Уэс Монтгомери,Мелодия,"LP, Album, Red",,1985,4646235,Uncategorized,2015-11-06 13:33:18,,,
C60 25517 006,Sonny Rollins,"Солнечные Дни, Звездные Ночи",Мелодия,"LP, Album",,1987,2422579,100,2018-10-02 13:05:50,,100,
C60 25867 004,Земляне,День Рождения Земли,Мелодия,"LP, Album",,1987,3993782,archive,2019-05-10 09:47:02,,100₽,
C60 26191 006,Various,Встреча Друзей 1,Мелодия,"LP, Comp",,1988,2371291,Uncategorized,2015-12-27 08:43:25,,,
C60 26193 000,Various,Встреча Друзей 2,Мелодия,"LP, Comp",,1987,3850006,Uncategorized,2015-12-27 08:43:57,,,
C60 26457 000,Андрей Родионов & Борис Тихомиров,512 Кбайт - Компьютерная Музыка,Мелодия,"LP, Album",,1988,4166380,archive,2015-12-19 20:57:02,,200,
C60 26573 002,Various,Ленинградский Рок-клуб (Leningrad Rock Club),Мелодия,"LP, Comp, RP",,1989,664418,200,2018-09-30 09:00:06,,200,
C60 26779 004,Duke Ellington,Концерт Дюка Эллингтона и его оркестра,Мелодия,LP,,1990,3754095,archive,2015-11-06 13:44:32,,100₽,
C60 26779 004,Duke Ellington,Концерт Дюка Эллингтона и его оркестра,Мелодия,LP,,1990,3754095,100,2019-05-13 16:53:05,,100,
C60 26781 002,Duke Ellington,Концерт Дюка Эллингтона и его оркестра 1968 - 1,Мелодия,"LP, Album",,1988,4319315,100,2015-11-06 13:45:14,,100,
C60 26783 007,Duke Ellington And His Orchestra,Концерт Дюка Эллингтона И Его Оркестра 1968 - 2,Мелодия,LP,,1988,3754107,100,2018-10-02 14:56:17,,100,
C60 27091 005,Александр Градский,Флейта И Рояль,Мелодия,"LP, Album",,1988,1941236,Uncategorized,2019-12-28 15:44:03,,,
C60 27211 005,Various,Рок-панорама-87 (3),Мелодия,"LP, Dis",,1988,657229,100,2017-09-02 18:40:32,,100,
C60 27361 002,Commodores,United,Мелодия,"LP, Album",,1988,558124,100,2015-12-27 09:01:05,,100,
C60 27519 004,Remix (2),Поет Иго,Мелодия,"LP, Album, RP",,1989,3304235,archive,2015-12-19 20:50:15,,200₽,
C60 27609 009,София Ротару,Золотое Сердце,Мелодия,"LP, Album",,1988,2379252,Uncategorized,2019-10-05 14:50:20,,,
C60 28293 005,Валентина Пономарёва,Искушение,Мелодия,"LP, Album",,1989,1878745,Uncategorized,2018-05-27 17:16:51,,,
C60 28515 005,Boycott,Группа Boycott,Мелодия,"LP, Album, Red",,0,8352468,50,2018-10-07 10:16:23,,50,
C60 28585 001,Дельта-Оператор,Дельта-1,Мелодия,"LP, Album, Red",,1989,4310080,archive,2015-12-19 20:50:46,,200₽,
C60 29179 005,Howlin' Wolf,Хаулин Вулф. Мастера блюза 1,Мелодия,"LP, Comp",,1989,10562775,100,2018-10-02 13:11:44,,100,
C60 29491 006,Чёрный Кофе,Вольному - Воля,Мелодия,"LP, Album, Red",,1990,2661277,archive,2019-05-10 09:31:36,,100₽,
C60 29915 001,Various,Сигнальная Серия Пластинок 1990 (3),Мелодия,"LP, Comp",,1990,5269287,200,2018-09-30 08:59:38,,200,
C60 30089 009,Сергей Минаев,Сергей Минаев,Мелодия,"LP, Album",,1990,4519004,50,2019-05-10 09:37:02,,50,
C60 30189 004,Joel Spiegelman,"Бах В Стиле ""Нью Эйдж""",Мелодия,"LP, Album, RE",,1990,1528533,200,2016-08-25 09:17:34,,200,
C60 30421 004,Billie Holiday,Strange Fruit / Странный Плод,Мелодия,"LP, Comp",,1990,2735438,Uncategorized,2020-04-05 13:49:34,,,
C60 31127 006,Various / Машина Времени,Машине Времени - XX!,Мелодия,"2xLP, Album, Gat",,1991,3735089,archive,2019-10-05 14:51:41,,,
C60-05909-10,Louis Armstrong,Луи Армстронг,Мелодия,"LP, Comp, RP, Pin",,1978,4644018,100,2015-11-06 19:15:36,,100,
C60-09035-36,Puhdys,Пудис,Мелодия,LP,,1977,1782778,archive,2019-11-23 11:14:46,,,
C60-09249-50,Anna German,Поет Анна Герман,Мелодия,"LP, Album, RP, Whi",,1982,4409940,Uncategorized,2016-11-14 09:51:06,,,
C60-09353-4,Express (9),Экспресс,Мелодия,"LP, Comp, RP",,1981,5365705,50,2018-10-07 10:22:46,,50,
C60-15051-2,Joan Manuel Serrat,Поет Хоан Мануэль Серрат,Мелодия,"LP, Album",,1980,3013094,archive,2019-11-23 11:18:01,,,
C60-16579-80,The New Seekers,"ВИА ""Нью Сикерс"" в Москве",Мелодия,"LP, Album, Red",,1982,5307377,50,2018-10-07 10:17:06,,50,
C60—06683-84,The Dooleys,"Вокально-Инструментальный Ансамбль ""Доули Фэмили"" В Москве",Мелодия,"LP, Album",,0,9701652,50,2018-10-07 10:21:45,,50,
C60—14433-4,Ganelin Trio,Concerto Grosso,Мелодия,"LP, Album",,1981,2232858,Uncategorized,2018-10-02 12:43:00,,,
C90 27945 007,Nautilus Pompilius,Князь Тишины,Мелодия,"LP, Album, RP, Lam",,1990,661587,Uncategorized,2015-12-19 21:18:46,,,
CM 02513-14,Johann Sebastian Bach - Harry Grodberg,Токкаты,Мелодия,"LP, Album, RP",,1977,4007278,Uncategorized,2016-01-15 12:20:26,,,
CM—0169-72,Pyotr Ilyich Tchaikovsky,Щелкунчик ,Мелодия,"2xLP, Mono + Box",,0,7275828,Uncategorized,2020-04-12 08:41:28,,,
CM04267---68,Alexander Scriabine - Маргарита Федорова,Piano Poems,Мелодия,"LP, RP",,1980,5520630,Uncategorized,2019-09-18 16:22:45,,,
А10 00037 002,"Wolfgang Amadeus Mozart - Moscow Virtuosi, Vladimir Spivakov","Три Дивертисмента Для Струнного Оркестра KV 136, 137, 138",Мелодия,LP,,1983,3816503,Uncategorized,2018-09-30 18:17:01,,,
А10 00325 008,Pyotr Ilyich Tchaikovsky - Mikhail Pletnev,Времена года - The Seasons,Мелодия,"LP, Red",,1988,5774074,Uncategorized,2020-04-24 14:45:46,,,
А10 00405 000,Сергей Цацорин,Музыка Романтиков XIX Века,Мелодия,"LP, Album",,1990,3442145,Uncategorized,2020-04-24 14:54:08,,,
А60 00551 008,Bon Jovi,New Jersey,Мелодия,"LP, Album",,1989,1373171,100,2020-04-05 14:40:59,,100,
А60 00703 001,Queen,Greatest Hits,Мелодия,"LP, Comp, Whi",,1990,657282,Uncategorized,2015-11-19 13:18:38,,,
А60 00705 006,Paul McCartney,Flowers In The Dirt,Мелодия,"LP, Album, Red",,1990,1550732,100,2015-11-19 13:30:29,,100,
А60 00707 000,Tina Turner,Foreign Affair,Мелодия,"LP, Album, Whi",,1990,1632233,Uncategorized,2015-11-10 09:47:20,,,
Д 012805-6,"Antonio Vivaldi / Virtuosi Di Roma ""Collegium Musicum Italicum""",Концерты,Мелодия,"LP, Mono, RP, Whi",,1982,3420533,Uncategorized,2020-04-24 14:55:56,,,
Д 014469-76,"Giuseppe Verdi - Chorus Of The Bolshoi Theatre и Bolshoi Theatre Orchestra , Дирижер Асен Найденов",Дон Карлос ,Мелодия,"4xLP, Mono, RP + Box",,1984,14283298,500,2020-04-12 08:53:49,,,
Д 015497-8,"Pyotr Ilyich Tchaikovsky - Bolshoi Theatre Orchestra , Дирижер Юрий Файер",Лебединое Озеро,Мелодия,"LP, Mono, M/Print, RP",,1989,8361932,Uncategorized,2018-10-27 19:46:51,,,
Д 017585—017586,Various,Русская Балалайка • Russian Balalaika,Мелодия,"LP, Comp, RP",,0,3594948,50,2016-11-14 09:37:50,,,
Д 018193—018194 ,Various,Джаз 66. На Концерте III Московского Фестиваля Молодежных Джазовых Ансамблей,Мелодия,"LP, Mono",,1966,4527881,100,2017-03-26 14:58:52,,100,
Д 020985-6,Various,Джаз 67. Четвертый Московский Фестиваль Молодежных Джазовых Ансамблей. Вторая Пластинка,Мелодия,"LP, Mono",,1967,3721996,100,2017-03-26 14:58:04,,100,
Д 027927-8,Dean Reed,Дин Рид,Мелодия,"LP, Album, Mono",,1970,3790164,100,2020-04-05 14:02:10,,100,
Д 032189-90,Дмитрий Локшин,Дмитрий Локшин (Гусли),Мелодия,"LP, Album, Mono",,1972,11019103,Uncategorized,2019-10-05 14:38:03,,,
Д-033387-8,Edith Piaf,Мир Эдит Пиаф,Мелодия,"LP, Comp, Mono",,1972,1943472,Uncategorized,2015-12-27 09:06:39,,,
М10 45949 008,"Richard Wagner / Maurice Ravel - Wilhelm Furtwängler, Berliner Philharmoniker","Introduction And Death Of Isolda / ""Daphnis Et Chloe"" Second Suite",Мелодия,"LP, Mono",,1984,3621874,Uncategorized,2020-04-24 14:37:53,,,
М50-36603-4,Самуил Маршак,Стихи Для Детей,Мелодия,"LP, Mono, RP, Whi",,1991,9485034,Uncategorized,2017-12-17 13:02:50,,,
М60 44997 001,Леонид Утесов,Памяти Леонида Утесова (1): Музыкальный Магазин,Мелодия,"LP, Comp, Mono",,1983,8839238,100,2020-04-05 15:03:45,,100,
М60 44999 006,Леонид Утесов,Памяти Леонида Утесова (2): От Всего Сердца,Мелодия,"LP, Comp, Mono",,1983,7918597,100,2020-04-05 15:03:07,,100,
М60 45001 006,Леонид Утесов,Памяти Леонида Утесова (3): Песня - Наш Спутник,Мелодия,"LP, Comp, Mono, RM",,1983,11500084,100,2020-04-05 15:02:45,,100,
М60 45277 005,Various,Смеющийся Саксофон,Мелодия,"LP, Comp, Mono",,1983,3352858,100,2016-01-21 11:31:07,,100,
М60 45345 007,Guy Lombardo And His Orchestra,Орхидеи В Лунном Свете,Мелодия,"LP, Comp, Mono",,1984,4620114,100,2016-01-21 11:28:11,,100,
М60 45827 006,Various,Первые Шаги = The First Steps,Мелодия,"LP, Comp, Mono",,1984,3460150,100,2015-11-06 19:12:10,,100,
М60 46115 001,Джаз-Оркестр Под Управлением Якова Скоморовского,Голубая Ночь,Мелодия,"LP, Comp, Mono",,1985,6994463,100,2018-10-03 17:53:12,,100,
М60 46119 000,Bing Crosby,Играйте Простую Мелодию • Play A Simple Melody,Мелодия,"LP, Comp, Mono",,1985,3763339,Uncategorized,2015-12-27 13:02:01,,,
М60 46471 007,Various,Парад = Hitparade,Мелодия,"LP, Comp, Mono",,1985,4035052,100,2018-10-03 17:51:55,,100,
М60 46673 002,Artie Shaw And His Orchestra,Один Только Ты,Мелодия,"LP, Comp, Mono",,1986,6086520,100,2016-02-04 10:30:35,,100,
М60 46695 005,Various,Пой Мне! = Sing For Me!,Мелодия,"LP, Comp, Mono",,1985,5445377,100,2018-10-03 17:54:02,,100,
М60 47091 002,Glenn Miller And His Orchestra,In The Mood = В Настроении,Мелодия,"LP, Mono",,1986,647644,archive,2015-11-06 13:35:42,,,
М60 47389 000,Anna German,Эхо Любви,Мелодия,"LP, Mono",,1986,5000577,Uncategorized,2016-11-14 09:46:12,,,
М60 47409 005,Various,Мне Грустно Без Тебя = I'm Blue With Out You,Мелодия,"LP, Comp, Mono",,1986,11985478,100,2018-10-03 17:55:08,,100,
М60 47507 006,Benny Goodman,Что Может Сделать Лунный Свет,Мелодия,"LP, Comp, Mono, RP",,1987,2626075,100,2015-11-06 13:45:40,,100,
М60 48361 004,Государственный Джаз Белорусской ССР п/у Эдди Рознера,Караван,Мелодия,"LP, Comp, Mono",,1988,3957019,100,2018-10-03 17:54:27,,100,
М60 48371 000,The Rolling Stones = The Rolling Stones,Игра С Огнем = Play With Fire,Мелодия,"LP, Comp, Mono, RP, Unofficial",,1988,380397,archive,2015-11-08 09:32:52,,150,
М60 48457 007,Charlie Parker,Чарли Паркер,Мелодия,"LP, Comp, Mono",,1990,5861689,archive,2015-11-06 13:41:28,,100,
М60 48821 006,Miles Davis,Майлс Дейвис и Гиганты Современного Джаза,Мелодия,"LP, Album, Mono, RE",,1989,1782049,Uncategorized,2018-05-31 16:16:28,,,
М60 48875 007,Sy Oliver,Только  Для Танцоров,Мелодия,"LP, Comp, Mono",,1990,3603928,100,2015-11-06 13:47:31,,100,
М60 48919 003,Elvis Presley,That's All Right = Все В Порядке,Мелодия,"LP, Comp, Mono",,1989,1392593,archive,2015-11-08 09:52:26,,150,
М60 49137 002,Lester Young,Джаз-Галерея,Мелодия,"LP, Comp, Mono",,1990,3505130,100,2018-10-02 13:05:21,,100,
М60-38031-2,Various,Танцевальная Музыка 30-х Годов,Мелодия,"LP, Comp, Mono",,1980,2058641,100,2016-02-04 10:29:56,,100,
М60-39165-6,Dean Reed,Поет Дин Рид,Мелодия,"LP, Mono, RP",,1978,4940383,Uncategorized,2018-10-07 10:47:31,,,
М60—41643-44,Paul Whiteman And His Orchestra,Из Истории Джаза,Мелодия,"LP, Mono",,1980,4646266,100,2015-11-06 19:18:11,,100,
МОНО 33Д-027359-60,Ivao Suzuki,Ивао Судзуки,Мелодия,"LP, Mono, RP",,1983,9423624,100,2018-10-07 10:53:21,,,
С 01—13057-58,Various,Государственный Гимн Союза Советских Социалистических Республик / Интернационал,Мелодия,"10""",,1980,4572349,Uncategorized,2018-10-02 12:58:53,,,
С 01641-2,Various,Демонстрация Стереозвучания,Мелодия,"LP, Smplr",,1968,11767021,Uncategorized,2020-05-24 11:19:46,,,
С 01771-76,Pyotr Ilyich Tchaikovsky = Pyotr Ilyich Tchaikovsky,Лебединое Озеро = Swan Lake,Мелодия,"3xLP, RP + Box",,1978,11873878,Uncategorized,2020-04-12 08:39:17,,,
С 04519-20,Галина Карева,Старинные Романсы,Мелодия,"LP, Album",,1974,1864495,50,2020-05-24 11:21:04,,50,
С 04739-40,Various,Мелодии И Ритмы - 1,Мелодия,"LP, Comp",,1974,2240426,archive,2019-11-23 11:01:57,,,
С 10---10087-88,Ludwig van Beethoven - Sviatoslav Richter,"Sonatas Nos. 1, 7 For Piano",Мелодия,"LP, RP",,1988,5166735,Uncategorized,2020-04-24 14:50:32,,,
С 10—10087-88,"Sviatoslav Richter, Ludwig van Beethoven","Sonatas Nos. 1, 7 For Piano",Мелодия,LP,,1980,3766281,Uncategorized,2018-10-01 09:03:49,,,
С 10—15491-2,Johann Sebastian Bach / Felix Mendelssohn-Bartholdy - Dmitri Bashkirov,Концерт № 5 / Концерт № 1,Мелодия,LP,,1981,9587471,Uncategorized,2020-04-24 14:33:37,,,
С 20—11869-70,Русский Народный Оркестр Имени В. Андреева Дирижер Владимир Попов (5),Русский Народный Оркестр Имени В.В. Андреева,Мелодия,"LP, Album",,1979,4270007,Uncategorized,2020-04-05 13:55:14,,,
С 60-07403-04,Teach-In,Teach-In,Мелодия,"LP, Album, pin",,1980,8308424,50,2020-04-12 07:47:07,,50,
С 60-13961-2,Percy Faith & His Orchestra,Оркестр Перси Фейса,Мелодия,"LP, Album, RE, RP",,1981,5528180,Uncategorized,2016-01-15 12:15:53,,,
С 60-14897-98,Eddie Calvert,Тюльпаны Из Амстердама,Мелодия,"LP, RP",,1981,5523135,100,2015-11-06 13:52:05,,100,
С 60—07625-26,Евгений Дога,Музыка Евгения Доги Из Кинофильма Табор Уходит В Небо ,Мелодия,"LP, Red",,1977,4030597,Uncategorized,2017-09-02 19:30:57,,,
С 60—11191-94,Алексей Рыбников,Звезда И Смерть Хоакина Мурьеты,Мелодия,"2xLP, Album, Gat",,1980,1630024,100,2020-08-09 08:18:55,,,
С 60—12209-10,Арсенал,Джаз-Рок Ансамбль Арсенал,Мелодия,"LP, Album",,1980,7972729,Uncategorized,2017-12-17 12:45:21,,,
С 60—12953-4,Весёлые Ребята,Музыкальный Глобус,Мелодия,"LP, Album, RP",,1982,1629868,archive,2018-10-10 10:09:23,,,
С 60—13949-50,"Здравствуй, Песня","Мы Любим ""Диско"" = We Like ""Disco""",Мелодия,"LP, Album, Yel",,1980,8353819,Uncategorized,2017-02-11 07:47:35,,,
С 60—14501-2,Francis Goya,Франсис Гойя,Мелодия,"LP, Album, Whi",,1981,5395544,Uncategorized,2016-01-12 12:12:21,,,
С 60—14621-22,Александр Градский = Александр Градский,Russian Songs (Folk Songs Suite) = Русские Песни (Сюита На Темы Народных Песен),Мелодия,"LP, Album, Pin",,1980,1945295,Uncategorized,2018-05-27 17:15:47,,,
С 60—14759-60,Gloria Gaynor,Пути Любви,Мелодия,"LP, Album",,0,1138775,Uncategorized,2015-12-27 09:02:12,,,
С 60—15383-4,Kvintet A-B-C,"Ансамбль Ангела Владковича ""АВС""",Мелодия,"LP, Album",,1981,3809751,50,2018-10-07 10:21:22,,50,
С 60—16017-18,Владимир Мигуля И Земляне,Песни В. Мигули,Мелодия,"LP, Album, Pin",,1981,9397265,archive,2019-11-23 11:12:56,,,
С 60—16053-6,София Ротару,Где Ты Любовь / София Ротару И Червона Рута,Мелодия,"2xLP, Album, RP",,0,1739324,Uncategorized,2019-10-05 14:35:54,,,
С 60—16739-40,Ариэль,Каждый День Твой,Мелодия,"LP, Album",,1982,3238076,archive,2019-11-23 11:18:26,,,
С 60—16895-6,Francis Goya,Франсис Гойя В Москве,Мелодия,"LP, Album",,1982,4813555,Uncategorized,2018-10-07 10:56:03,,,
С 60—18093-4,Сябры,Живая Вода,Мелодия,"LP, Album",,1983,1791769,archive,2019-05-13 16:53:34,,100₽,
С10 06007-8,Igor Zhukov,Tchaikovsky: The Seasons,Мелодия,"LP, Album",,1975,12103029,Uncategorized,2020-04-24 14:35:53,,,
С10 23147 005,"Tatiana Grindenko, Yuri Smirnov",Рэг-Таймы = Ragtimes,Мелодия,"LP, Album, RP",,1986,8191193,Uncategorized,2018-10-02 12:39:54,,,
С10 28107 002,"Giuseppe Antonio Brescianello, Antonio Vivaldi, Niccolò Paganini, Andrei Garin",Untitled,Мелодия,LP,,1989,3902532,Uncategorized,2019-05-09 13:55:01,,,
С10 30265 009,Various,Музыкальный Телетайп - 8,Мелодия,"LP, Comp",,1990,6350441,archive,2016-01-15 12:13:54,,,
С10---07675 008,"Павел Серебряков, Ludwig van Beethoven",Соната Nº 8 / Соната Nº 14 / Соната Nº 23,Мелодия,"LP, RP",,1991,5254793,Uncategorized,2016-01-15 12:21:57,,,
С10-09795-96,Ариадна Тугай,Арфа,Мелодия,"LP, Album",,1978,10357035,Uncategorized,2020-11-01 14:02:58,,,
С10—12991-2,Генрых Вагнер,Героям Брэста / Пасля Балю,Мелодия,LP,,1980,4844742,Uncategorized,2020-04-24 14:32:31,,,
С10—14503-4,"George Gershwin - Russian State Symphony Orchestra , Conductor Evgeni Svetlanov","An American In Paris. Porgy And Bess, Suite From The Opera",Мелодия,LP,,1982,5412004,Uncategorized,2016-01-21 11:27:20,,,
С10—14503-4,"George Gershwin - Russian State Symphony Orchestra , Conductor Evgeni Svetlanov","An American In Paris. Porgy And Bess, Suite From The Opera",Мелодия,LP,,0,9185175,Uncategorized,2020-04-24 14:29:14,,,
С10—16403-4,"Frédéric Chopin - Robert Schumann, Sviatoslav Richter",Прелюдии / Новелетты,Мелодия,"LP, Album",,0,6611119,Uncategorized,2019-03-08 11:32:52,,,
С20-14887-8,Боян,Веселый Коробейник,Мелодия,LP,,1981,10207252,Uncategorized,2017-09-02 19:32:03,,,
С40-16881-4,Илья Глазунов,"Поле битвы - сердце человека: композиция по книге ""Дорога к себе"". Читает автор.",Мелодия,"2xLP, Gat",,1982,7620348,300,2019-02-27 18:37:17,,,
С40—16601-6,Jerry Herman,"Хелло, Долли!",Мелодия,"3xLP, Album + Box",,1981,11393490,archive,2019-11-23 11:09:44,,,
С50—13979-82 ,Наталья Гусева,Рамаяна,Мелодия,"2xLP, Album + Box",,0,4560662,200,2020-04-12 08:38:31,,200,
С50—17857-8,Марк Карминский / Михаил Светлов,Есть Мушкетеры!,Мелодия,"LP, Album",,1986,3596989,Uncategorized,2016-01-15 12:27:52,,,
С60 – 08705-6,Adriano Celentano,Адриано Челентано,Мелодия,"LP, Comp, RE, RP",,1986,1618940,Uncategorized,2015-12-27 08:54:28,,,
С60 — 18365-6,Zodiac (3),Music In The Universe,Мелодия,"LP, Album, Exp",,1982,242244,50,2015-12-27 08:45:20,,,
С60 05259-60,Ray Conniff,Рэй Коннифф,Мелодия,"LP, Album",,1974,6504218,Uncategorized,2018-10-07 10:39:31,,,
С60 14613 004/С60 12726 009,Anna German, Анна Герман,Мелодия,LP,,1984,3762459,100,2016-11-14 09:46:56,,100,
С60 19131 008,Felix Slováček,Феликс Словачек,Мелодия,"LP, Album, ЛЗГ",,1984,3813141,100,2015-11-06 13:48:51,,100,
С60 19423 002,John Coltrane,"Джон Колтрейн, Саксофон",Мелодия,"LP, Album, RE",,1983,1844237,100,2016-01-21 11:35:03,,100,
С60 19677 004,Anna German,Последняя Встреча,Мелодия,"LP, Album",,1983,2429538,Uncategorized,2018-05-27 17:13:13,,,
С60 19707 005,Louis Armstrong,Все звезды,Мелодия,"LP, Comp",,1986,3348123,Uncategorized,2016-01-21 11:37:37,,,
С60 19717 001,Duke Ellington And His Orchestra / Johnny Hodges And His Orchestra,Дюк Эллингтон И Его Оркестр / Джонни Ходжес И Его Оркестр,Мелодия,"LP, Comp",,0,5705478,100,2016-01-21 11:24:39,,100,
С60 19791 009,Space,Волшебный полет,Мелодия,"LP, Album, RE",,1986,3265347,Uncategorized,2015-12-27 08:57:59,,,
С60 19791 009,Space,Magic Fly,Мелодия,"LP, Album, RE, Whi",,0,5254658,50,2020-04-12 07:45:43,,50,
С60 19967 004,Various,Дискоклуб 10 (А),Мелодия,"LP, Comp",,1983,3290962,archive,2015-12-19 21:10:37,,,
С60 19969 009,Various,Дискоклуб — 10 Б (Зарубежная Эстрада),Мелодия,"LP, Comp, Whi",,1983,1630114,archive,2019-11-23 11:10:44,,,
С60 20173 000,Various,Лучшие Итальянские Песни 1982 Года,Мелодия,"LP, Comp, RP, Whi",,1985,3466308,Uncategorized,2015-12-27 08:51:47,,,
С60 20225 009,Riccardo Fogli,Коллекция,Мелодия,"LP, Comp, Red",,1983,3355106,archive,2019-11-23 11:17:41,,,
С60 20239 004,Maryla Rodowicz,Марыля Родович,Мелодия,"LP, Album",,1984,4544536,Uncategorized,2018-10-08 09:10:11,,,
С60 20249 000,Jimmy Goings И Santa Esmeralda,Зеленый Талисман,Мелодия,"LP, Album, RP",,1985,4054269,Uncategorized,2016-07-22 05:16:02,,,
С60 20265 004,Dave Grusin = Dave Grusin,Out Of The Shadows = На Виду,Мелодия,"LP, Album, Whi",,1983,3281701,Uncategorized,2015-12-29 13:15:39,,,
С60 20311 009,Francis Goya,Симфония Любви,Мелодия,"LP, Album, RP",,1984,3958984,Uncategorized,2018-10-07 10:56:22,,,
С60 20423 005,Dorothy Donegan,Дороти Донеган,Мелодия,"LP, RP",,1984,4751356,100,2016-07-30 08:43:37,,100,
С60 20475 001,"Marina Granovskaja, Kęstutis Lušas",Džiazo Kompozicijos = Jazz Compositions = Джазовые Композиции,Мелодия,"LP, Album",,1984,1664871,Uncategorized,2018-10-02 13:10:47,,,
С60 20651 000,The Jazz Trio (2),Images Of Ancient Egypt,Мелодия,"LP, Album",,1984,4849629,Uncategorized,2018-10-02 12:41:25,,,
С60 20777 002,Latvian TV And Radio Variety Orchestra = Latvian TV And Radio Variety Orchestra,Mūzika Uz Jūras = Музыка Над Морем = Music Over The Sea,Мелодия,"LP, Album, Whi",,1984,6095698,Uncategorized,2016-07-30 08:42:51,,,
С60 20831 009,Новелла Матвеева * Иван Киуру,Музыка Света,Мелодия,LP,,1984,4538980,50,2020-05-24 11:21:38,,50,
С60 20963 008,Arabesque,Ансамбль Арабеска,Мелодия,"LP, Comp, Red",,1984,663501,Uncategorized,2015-12-27 08:59:33,,,
С60 20969 001,Gianni Morandi,Мой Милый Враг / La Mia Nemica Amatissima,Мелодия,"LP, Album",,1984,3233695,archive,2019-11-23 11:12:04,,,
С60 21045 005,Fausto Papetti,Фаусто Папетти (Fausto Papetti),Мелодия,"LP, Album",,1985,4941831,100,2019-05-13 16:51:46,,100,
С60 21073 004,Maywood,Мир Изменился,Мелодия,"LP, Album",,1984,3873081,50,2018-10-07 10:27:18,,50,
С60 21199 001,Максим Дунаевский,"Музыка И Песни Из Телефильма ""Мэри Поппинс, До Свидания""",Мелодия,"LP, Album",,1984,8468536,50,2020-05-24 11:14:35,,,
С60 21435 000,Александр Градский,Сама Жизнь,Мелодия,LP,,1984,2104826,Uncategorized,2016-08-02 14:03:39,,,
С60 21631 002,София Ротару,Нежная Мелодия,Мелодия,"LP, Album",,1985,1831892,Uncategorized,2019-10-05 14:51:09,,,
С60 21763 001,Various,Дискоклуб-12 (Б) Песни в танцевальных ритмах,Мелодия,"LP, Comp",,1984,8475326,archive,2019-11-23 11:11:26,,,
С60 21823 004,Андрей Петров,Музыка Из Кинофильма «Жестокий Романс»,Мелодия,"LP, Album",,1985,2094075,archive,2019-11-23 11:01:01,,,
С60 22225 008,Zodiac (3) = Zodiac (3),Music From The Films  = Музыка Из Кинофильмов,Мелодия,"LP, Album, Red",,1985,639120,200,2016-01-12 12:18:16,,,
С60 22621 000,Давид Тухманов - Александр Барыкин,Ступени,Мелодия,"LP, Album, Red",,1985,1824069,archive,2015-12-19 20:55:32,,,
С60 22695 004,Pupo,Пупо,Мелодия,"LP, Album",,1985,2373549,Uncategorized,2015-12-27 08:53:10,,,
С60 22697 009,Ricchi E Poveri,Богатые И Бедные,Мелодия,"LP, Album, RE",,1985,2742241,Uncategorized,2015-12-27 08:52:37,,,
С60 22699 003,Toto Cutugno = Toto Cutugno,Тото Кутуньо,Мелодия,"LP, Album, RE",,1985,3720290,50,2018-10-07 10:15:16,,50,
С60 22701 003,Al Bano & Romina Power,Аль Бано И Ромина Пауэр,Мелодия,"LP, Album",,1985,1785549,Uncategorized,2015-12-27 08:53:32,,,
С60 22727 007 ,Александр Градский, Стадион,Мелодия,"2xLP, Album",,1985,4225039,Uncategorized,2016-01-15 12:13:25,,,
С60 23029 000,Эдуард Артемьев = Эдуард Артемьев,Тепло Земли = Warmth Of Earth,Мелодия,"LP, Album, Whi",,1985,1808988,Uncategorized,2018-05-27 17:18:15,,,
С60 23365 003,Иверия,Свадьба Соек,Мелодия,"2xLP, Album",,1986,3764765,archive,2019-05-09 13:43:56,,,
С60 23369 002,Арсенал = Арсенал,Второе Дыхание = Second Wind,Мелодия,"LP, Album, RP",,1986,3267189,100,2015-11-06 13:50:48,,100,
С60 23465 009,Александр Дольский,Тёплые Звёзды,Мелодия,"LP, Album",,1986,3290700,Uncategorized,2015-12-27 08:44:26,,,
С60 23479 004,Zigmars Liepiņš,Пульс 2 = Pulse 2,Мелодия,"12"", Whi",,1985,4485235,archive,2019-05-10 09:35:58,,100₽,
С60 23485 001,Various,Маскарад,Мелодия,"LP, Comp, RP, Whi",,1986,3943719,archive,2019-05-10 09:36:26,,100₽,
С60 23565 004 ,Vladimir Tarasov,Atto,Мелодия,"LP, Album",,1986,6633011,Uncategorized,2018-05-27 13:53:02,,,
С60 23579 008,The Beatles,A Hard Day's Night,Мелодия,"LP, Album, DMM",,1986,1105019,100,2018-09-30 09:58:48,,100,
С60 23581 008,The Beatles,A Taste Of Honey,Мелодия,"LP, Comp, RP, Red",,1989,3088657,100,2018-09-30 10:00:11,,100,
С60 23753 004,Михаил Боярский,Дискоклуб - 16 (А),Мелодия,"LP, Album",,1986,2093950,archive,2015-12-19 21:13:24,,,
С60 23755 009,Валерий Леонтьев,Поет Валерий Леонтьев,Мелодия,"LP, Album",,1986,1961481,archive,2019-11-23 11:19:27,,,
С60 24007 008,Ion Suruceanu,I Have But Your Song = Одну Только Песню Пою,Мелодия,"LP, Album, RE, Red",,0,8437863,50,2018-10-07 10:58:58,,50,
С60 24099 004,Doris Day,"Улыбайтесь, Смейтесь, Веселитесь!..",Мелодия,"LP, Comp",,1986,1881437,Uncategorized,2018-05-27 14:04:58,,,
С60 24129 000,Автограф,Автограф = Autograph,Мелодия,"LP, Album, Whi",,1986,1063952,100,2015-12-19 20:51:22,,100,
С60 24619 001,Верасы,Музыка Для Всех - 1,Мелодия,"LP, Album",,1986,3737561,archive,2015-12-19 21:09:27,,,
С60 24651 009,Secret Service,When The Night Closes In,Мелодия,"LP, Album",,1986,2749050,50,2018-10-07 10:25:06,,50,
С60 24669 003,Paul Winter (2),Концерт Земле = Concert For The Earth,Мелодия,"LP, Album",,1985,4557557,100,2017-09-02 19:38:32,,,
С60 24691 004,Benny Goodman,Как Глубок Океан,Мелодия,"LP, Comp, Whi",,1987,9407020,100,2018-10-02 13:21:26,,100,
С60 24731 001,Dire Straits = Dire Straits,Love Over Gold = Любовь Дороже Золота,Мелодия,"LP, Album, Red",,1986,639552,100,2015-11-19 13:46:37,,100,
С60 24731 001,Dire Straits = Dire Straits,Love Over Gold = Любовь Дороже Золота,Мелодия,"LP, Album, Red",,1986,639552,Uncategorized,2020-04-05 14:53:03,,,
С60 24733 006,The Alan Parsons Project,The Best Of,Мелодия,"LP, Comp",,1986,2998742,Uncategorized,2015-11-19 13:49:44,,,
С60 24733 006,The Alan Parsons Project,The Best Of,Мелодия,"LP, Comp",,1986,2998742,100,2020-04-05 14:41:24,,100,
С60 24739 006,Whitney Houston,Уитни Хьюстон,Мелодия,"LP, Album",,1987,640465,100,2016-05-25 18:56:35,,100,
С60 24787 007,Various,Юрмала 86,Мелодия,"2xLP, Comp, Whi",,1986,4873804,Uncategorized,2020-04-12 07:53:57,,,
С60 24863 000,Various,Панорама-86. Фестиваль Молодежной Популярной Музыки,Мелодия,LP,,1987,2597496,archive,2015-12-19 21:14:04,,100₽,
С60 24865 005,Машина Времени,В Добрый Час,Мелодия,"LP, Comp",,1986,1941323,50,2020-04-05 14:17:59,,,
С60 25129 005,Аквариум,Åквариум,Мелодия,"LP, Comp",,1987,1941392,100,2019-05-10 09:25:39,,100,
С60 25311 001,Various,Музыкальный Телетайп - 2,Мелодия,"LP, Comp, Whi",,1987,2014703,Uncategorized,2015-12-19 21:09:46,,,
С60 25405 000,София Ротару,Монолог О Любви,Мелодия,"LP, Album",,1987,1790629,Uncategorized,2019-10-05 14:57:57,,,
С60 25543 006,Весёлые Ребята,Минуточку!!!,Мелодия,"LP, Album",,1987,1808007,50,2015-12-19 21:08:12,,50,
С60 25573 005,Секрет,"Бит-Квартет ""Секрет""",Мелодия,"LP, Album",,1987,2451422,50,2015-12-19 20:47:24,,50,
С60 25587 000,Various,Осенние Ритмы-86,Мелодия,LP,,1987,6448559,Uncategorized,2015-11-06 13:39:24,,,
С60 25591 003,Katz,Дуэт Katz,Мелодия,"LP, Album, Whi",,1987,6063595,Uncategorized,2018-10-07 10:24:00,,,
С60 25593 008,UB40,Rat In The Kitchen,Мелодия,"LP, Album",,1986,6787217,archive,2015-11-03 09:00:48,,200₽,
С60 25595 002,Julian Lennon,Валотт,Мелодия,"LP, Album, Whi",,1987,1043363,Uncategorized,2015-11-19 13:35:01,,,
С60 25863 005,"Давид Тухманов, Электроклуб",Электроклуб,Мелодия,"LP, Album, Whi",,1987,1635316,Uncategorized,2015-12-19 21:05:17,,,
С60 25949 001,Машина Времени,Десять Лет Спустя,Мелодия,"LP, Album, Red",,1987,1842193,50,2020-04-05 14:18:33,,,
С60 26031 002,Elton John,Your Song,Мелодия,"LP, Comp, Unofficial",,1988,1009057,archive,2015-11-08 09:47:15,,150,
С60 26033 007,Deep Purple,Дым Над Водой = Smoke On The Water,Мелодия,"LP, Comp, Unofficial, Red",,1988,663434,archive,2015-11-08 09:46:40,,150,
С60 26123 006,Elton John,Honky Cat,Мелодия,"LP, Comp",,1988,896710,archive,2015-11-08 09:46:08,,150,
С60 26141 004,Круиз,Круиз-1,Мелодия,"LP, Album, Whi",,1987,2796483,Uncategorized,2015-12-19 20:47:53,,,
С60 26201 004,Браво,Браво,Мелодия,"LP, Album, RE, Red",,1988,2791935,50,2018-10-10 10:05:15,,50,
С60 26203 009,The Moody Blues,The Other Side Of Life,Мелодия,"LP, Album",,1987,5465348,50,2018-10-10 09:58:14,,50,
С60 26329 000,Синяя Птица,Белый Причал,Мелодия,"LP, Album",,1988,2385531,archive,2019-05-10 09:37:55,,200₽,
С60 26419 000,Jethro Tull,Джетро Талл,Мелодия,"LP, Comp, RP, Red",,1988,5701346,100,2018-10-10 09:53:05,,100,
С60 26421 008,Chris Rea,Крис Ри,Мелодия,"LP, Album",,1989,1630537,Uncategorized,2018-10-07 10:46:54,,,
С60 26445 009,Александр Градский,Утопия А.Г.,Мелодия,"LP, Album, RP",,1989,3878279,Uncategorized,2019-05-09 13:42:43,,,
С60 26463 008,"Emerson, Lake & Powell","Эмерсон, Лейк И Пауэлл",Мелодия,"LP, Album",,1988,564312,50,2015-11-19 13:48:44,,50,
С60 26467 007,The Doors = The Doors,Light My Fire = Зажги Во Мне Огонь,Мелодия,"LP, Comp, Unofficial, Whi",,1988,2375881,archive,2015-11-08 09:30:53,,150,
С60 26469 001,David Bowie = David Bowie,Человек Со Звезд = Starman,Мелодия,"LP, Comp, Red",,1990,1944775,archive,2016-02-23 08:16:37,,150,
С60 26825 009,Stevie Wonder,Sunshine Of My Life = Солнце Моей Жизни,Мелодия,"LP, Comp, Unofficial",,1988,405438,archive,2015-11-08 09:31:29,,150,
С60 26903 007,Аквариум = Аквариум,Равноденствие = Equinox,Мелодия,"LP, Album, Len",,1988,1230143,archive,2015-12-19 21:16:39,,100,
С60 26911 009,Gary Burton Quartet,Квартет Гэри Бертона,Мелодия,"LP, Album, RE",,1988,2818652,100,2015-11-06 13:42:23,,100,
С60 26913 003,Coleman Hawkins,Гений Коулмена Хокинса,Мелодия,LP,,1988,1988485,archive,2015-11-06 13:42:55,,100,
С60 26983 008,Various,Музыкальный Телетайп - 3,Мелодия,"LP, Comp",,1988,3992953,archive,2019-11-23 11:00:44,,,
С60 27023 005,Rainbow,Ансамбль Rainbow,Мелодия,"LP, Comp, Whi",,1988,2110881,50,2015-11-19 13:22:58,,50,
С60 27089 007,Александр Градский,Ностальгия,Мелодия,"LP, Album",,1988,2895631,Uncategorized,2019-12-28 15:43:05,,,
С60 27093 009,Creedence Clearwater Revival = Creedence Clearwater Revival,Traveling Band = Бродячий Оркестр,Мелодия,"LP, Comp",,1988,663430,archive,2015-11-08 09:32:12,,150,
С60 27185 003,Маки,Одесса,Мелодия,"LP, Album, Red",,1988,8360836,archive,2017-09-02 19:28:01,,200₽,
С60 27357 004,Deep Purple,The House Of Blue Light = Дом Голубого Света,Мелодия,"LP, Album, Red",,1988,664358,100,2015-11-19 13:05:56,,100,
С60 27363 007,Sandra,The Long Play,Мелодия,"LP, Album",,1989,2472689,archive,2015-11-10 09:59:58,,50,
С60 27363 007,Sandra,The Long Play,Мелодия,"LP, Album",,1989,2472689,Uncategorized,2019-05-13 16:56:51,,,
С60 27403 004,Валерий Агафонов,Вторят Сердцу Цыганские Струны,Мелодия,"LP, RP",,1989,3731589,100,2019-04-21 11:32:11,,100,
С60 27411 006,The Rolling Stones = The Rolling Stones,Леди Джейн = Lady Jane,Мелодия,"LP, Comp, Unofficial, Whi",,1988,380420,archive,2015-11-08 09:33:19,,150,
С60 27415 005,Nautilus Pompilius = Nautilus Pompilius / Бригада С = Бригада С,Наутилус Помпилиус. Бригада С,Мелодия,"LP, Whi",,1988,662165,archive,2019-05-10 09:30:50,,100,
С60 27469 006,Ella Fitzgerald,Танцы В Савойе,Мелодия,"LP, Comp",,1988,3189454,Uncategorized,2018-10-02 13:29:53,,,
С60 27501 005,Led Zeppelin,Stairway To Heaven = Лестница На Небеса,Мелодия,"LP, Comp",,1988,3907791,archive,2020-07-12 07:48:18,,150,
С60 27525 007,Aretha Franklin,Aretha,Мелодия,"LP, Album, RP",,1989,4330792,Uncategorized,2020-04-05 13:49:05,,,
С60 27769 002,Владимир Пресняков (Старший) / Валерий Сауткин,Гороскоп (Вокальная Сюита),Мелодия,"LP, Album, Whi",,1988,3246777,archive,2015-12-19 20:49:16,,,
С60 27787 000,The Alan Parsons Project,Gaudi = Гауди,Мелодия,"LP, Album, Red",,1989,564291,Uncategorized,2015-11-19 13:50:12,,,
С60 28425 006,Алиса = Алиса,Блок Ада = Block Of Hell,Мелодия,"LP, Album, Whi",,1989,5126417,100,2019-05-10 09:21:27,,100,
С60 28463 007,ДДТ = ДДТ,Я Получил Эту Роль,Мелодия,"LP, Album",,1989,2775793,archive,2019-05-10 09:26:19,,100₽,
С60 28513 000,Various,Hotrocks,Мелодия,"LP, Comp, RE",,1989,661510,100,2015-11-19 13:05:22,,100,
С60 28593 001,Gemini (5),Geminism,Мелодия,"LP, Album",,1989,656510,200,2018-10-07 10:28:07,,200,
С60 28593 001,Gemini (5),Geminism,Мелодия,"LP, Album",,1989,656510,Uncategorized,2019-05-13 16:58:42,,,
С60 28707 004,Lietuvos Televizijos Ir Radijo Lengvosios Muzikos Orkestras,Šokių Vakarą... (Klasikiniai Pramoginiai Šokiai),Мелодия,LP,,1989,3574879,Uncategorized,2018-05-27 14:05:32,,,
С60 28729 001,Дисплей,Дисплей,Мелодия,"LP, Album, Whi",,1989,664320,100,2015-12-19 20:51:48,,100,
С60 28735 009,Андрей Макаревич,Песни Под Гитару,Мелодия,"LP, Album, Whi",,1989,2811785,50,2020-04-05 14:15:20,,,
С60 28791 008,Вежливый Отказ,Вежливый Отказ,Мелодия,"LP, Album, Whi",,1989,377181,Uncategorized,2015-12-19 20:48:30,,,
С60 28805 005,Секрет,Ленинградское Время,Мелодия,"LP, Album, Red",,1989,1848259,50,2016-01-12 12:01:02,,50,
С60 28807 006,The Rolling Stones = The Rolling Stones,Все Вместе = All Together,Мелодия,"LP, Comp, Unofficial, Whi",,1989,3788372,archive,2018-05-27 13:58:08,,150,
С60 28961 008,Алиса,Шестой Лесничий,Мелодия,"LP, Album, Red",,1989,2420039,100,2019-05-10 09:23:34,,100,
С60 29255 009,Джунгли = Джунгли,Весна  В Шанхае = Spring In Shanghai,Мелодия,"LP, Album",,1990,1609443,Uncategorized,2016-07-29 08:06:28,,,
С60 29429 008,Дети,Группа «Дети»,Мелодия,"LP, Album",,1990,1153886,100,2015-12-19 20:53:29,,100,
С60 29469 005,Muddy Waters,Muddy Waters,Мелодия,"LP, Comp",,1990,1138264,200,2018-10-02 13:16:49,,200,
С60 29663 002,Мономах,Мономах,Мелодия,"LP, Album, Red",,1990,10424836,100,2019-05-10 09:28:21,,100,
С60 29847 005,Вероника Долина,Дитя Со Спичками = A Child With Matches,Мелодия,"LP, Album",,1990,3306279,archive,2019-11-23 11:19:54,,,
С60 29851 002,Вероника Долина,Элитарные Штучки,Мелодия,"LP, Album",,1990,2793962,archive,2019-11-23 11:20:09,,,
С60 30007 003,Лимонадный Джо,"Стой, Кто Идет?",Мелодия,"LP, Album",,1990,11118610,200,2017-12-17 12:54:23,,200,
С60 30009 008,Various,"Черная Роза — Эмблема Печали, Красная Роза — Эмблема Любви (Музыка К Фильму Сергея Соловьева)",Мелодия,"2xLP, Album, Whi",,1990,4892490,archive,2019-11-23 11:15:20,,,
С60 30155 006,Various,6 Ленинградский Фестиваль Рок-Музыки,Мелодия,LP,,1990,1958413,Uncategorized,2017-09-02 18:46:26,,,
С60 30313 007,"Вячеслав Гайворонский, Владимир Волков / Conrad Bauer",Осенние Ритмы-89. Leningrad Jazz International,Мелодия,LP,,1990,2940958,Uncategorized,2018-10-02 13:12:15,,,
С60 30479 004,Вилли Токарев,Над Гудзоном,Мелодия,"LP, Comp",,1990,656540,50,2020-04-05 15:05:34,,50,
С60 30567 009,Комбинация,Русские Девочки – Новая Версия,Мелодия,"LP, Album",,1990,1436806,Uncategorized,2017-09-02 18:42:01,,,
С60 30677 000,Ноль,Сказки,Мелодия,"LP, Album",,1990,3994233,Uncategorized,2019-05-09 13:48:02,,,
С60 30679 005,Александр Медведенко,Дом На Берегу Реки,Мелодия,"LP, Album",,1991,10372423,100,2017-09-02 20:53:22,,100,
С60 30721 000,Various,Музыкальное Приношение,Мелодия,"LP, Comp",,1990,331100,50,2019-09-18 16:21:10,,,
С60 30727 004,Paula Abdul,Forever Your Girl,Мелодия,"LP, Album, RP",,1991,660104,Uncategorized,2015-11-10 09:58:43,,,
С60 31041 007,Charizma (2),Rockin' The World Together,Мелодия,"LP, Comp, Unofficial",,1991,662075,archive,2018-10-10 10:03:09,,50,
С60-05007-8,Various,Эстрадная Орбита,Мелодия,"LP, Comp, RP, pin",,1980,7937812,Uncategorized,2019-03-16 15:28:00,,,
С60-05428,Various,Песни О Великой Отечественной Войне,Мелодия,"LP, Comp",,0,7007231,50,2016-09-05 10:46:21,,,
С60-05499-500,Ray Conniff,Рэй Коннифф В Москве,Мелодия,"LP, Album",,1975,2094330,Uncategorized,2018-10-07 10:40:30,,,
С60-05843-4,Ivica Šerfezi,Поет Ивица Шерфези,Мелодия,"LP, RP, Pin",,1978,4689513,Uncategorized,2015-12-27 08:29:26,,,
С60-05915-6,Paul Mauriat And His Orchestra,Играет Оркестр Поля Мориа,Мелодия,"LP, Album",,1981,3822537,Uncategorized,2016-01-15 12:15:20,,,
С60-07361-2,Ganelin / Tarasov / Chekasin,Con Anima,Мелодия,"LP, Album",,1977,1614522,Uncategorized,2015-11-06 13:34:37,,,
С60-07625-26,Евгений Дога,Музыка Евгения Доги Из Кинофильма Табор Уходит В Небо,Мелодия,"LP, Album, Yel",,1977,9700923,50,2020-05-24 11:13:22,,50,
С60-12209-10,Арсенал,Джаз-Рок Ансамбль Арсенал,Мелодия,"LP, Album, RP",,1980,1870667,100,2018-10-02 13:10:13,,100,
С60-12945-6,Joe Dassin,Люксембургский Сад,Мелодия,"LP, Album, RP, Whi",,1985,6523144,Uncategorized,2018-10-07 10:55:14,,,
С60-13007-8,Leo Sayer,Поет Лео Сейер,Мелодия,"LP, Comp, RE, RP, Whi",,1980,1973335,archive,2018-10-07 10:57:00,,,
С60-13771-2,Zodiac (3),Disco Alliance,Мелодия,"LP, Album, RP",,0,203663,50,2015-12-27 08:48:47,,,
С60-14015-6,Жанна Бичевская,Жанна Бичевская,Мелодия,LP,,1981,14415783,50,2020-05-24 11:22:06,,50,
С60-14431-2,Kenny Rogers,Поет Кенни Роджерс,Мелодия,"LP, Album, RE, RP",,1985,2895389,Uncategorized,2018-10-07 10:38:53,,,
С60-14943—44,Михаил Танич,Летная Погода (Песни На Стихи Михаила Танича) = Flying Weather (Songs To Mikhail Tanich's Verse),Мелодия,"LP, Comp, Red",,1981,3290804,50,2020-05-24 11:20:38,,50,
С60-17109-10,Paul Robeson,Поль Робсон Поет Негритянские Спиричуэлс,Мелодия,"LP, Album, Red",,1982,8732640,100,2020-04-12 07:42:18,,100,
С60—09311-12,Karel Gott,Карел Готт,Мелодия,LP,,1977,2715643,50,2015-12-27 08:29:56,,50,
С60—10283-84,Мелодия,"Ансамбль ""Мелодия"" Играет Танго Оскара Строка",Мелодия,"LP, Album, RP",,0,3789537,50,2020-05-24 11:18:43,,50,
С60—11295-96,Джазовый Ансамбль Игоря Бриля,Утро Земли,Мелодия,"LP, Album",,1979,4557257,100,2015-11-06 19:16:29,,100,
С60—12191-92,Алиса Фрейндлих,Поет Алиса Фрейндлих,Мелодия,"LP, Album",,1980,9591455,Uncategorized,2018-10-07 10:44:32,,,
С60—12271-72,Various,Радуга (2 Пластинка),Мелодия,"LP, Comp",,1979,3800372,Uncategorized,2015-12-27 09:09:05,,,
С60—16053-56,София Ротару,Где Ты Любовь / София Ротару И Червона Рута,Мелодия,"2xLP, Album, RP + Box",,1982,7270677,Uncategorized,2018-10-07 10:52:44,,,
С60—16109-10,Весёлые Ребята,Дискоклуб (2),Мелодия,"LP, Album",,1981,2055972,Uncategorized,2015-12-19 21:09:03,,,
С60—18377-8,Adriano Celentano,Soli,Мелодия,"LP, Album",,1982,1747651,Uncategorized,2015-12-27 08:53:52,,,
С60—18627-30,Алексей Рыбников,«Юнона» И «Авось»,Мелодия,"2xLP, Lam",,1982,7607107,Uncategorized,2018-05-27 14:02:44,,,
С60—25213 000,The Victor Silvester Orchestra,Ты Лучше Всех - Танцевальная Музыка 30-х Годов,Мелодия,"LP, Comp",,1987,11198195,100,2018-10-03 17:42:42,,100,
С60―07839-40,Ansambl Aleksandra Subote,Вокально Инструментальный Ансамбль п. у. С. Суботы,Мелодия,"LP, Album",,1976,1630597,50,2018-10-07 10:23:06,,50,
С90 20997 001,Various,Песни О Симферополе,Мелодия,"LP, Comp",,1984,5676712,Uncategorized,2016-07-22 05:27:39,,,
С90 26459 000,Various,Асса,Мелодия,"LP, Comp",,1988,2752732,100,2019-05-10 09:34:04,,100,
С90 26699 007,Зоопарк,Белая Полоса,Мелодия,"LP, Album",,1988,663522,100,2015-12-19 21:17:52,,100,
С90 26701 007,Аквариум,Радио Африка,Мелодия,"LP, Album, Whi",,1988,3395170,archive,2015-12-19 21:16:19,,100,
С90 26733 000,Алиса,Энергия,Мелодия,"LP, Album",,1988,771038,100,2019-05-10 09:22:21,,100,
С90 28449 003,Магнит,День Гнева,Мелодия,"LP, Album",,1989,3173041,archive,2019-05-10 09:27:09,,300₽,
СМ 02055-6,"Antonio Vivaldi, François Couperin, Tomaso Albinoni, Gian Francesco Malipiero","А. Вивальди, Ф. Куперен, Т. Альбинони, Дж.-Ф. Малипьеро",Мелодия,"LP, Album, Comp, Whi",,1981,8377887,Uncategorized,2020-04-24 14:55:29,,,
СМ 03127-8,"Алексей Михлин, Циала Квернадзе",Сонаты И Сонатины,Мелодия,LP,,1972,9574177,Uncategorized,2020-04-24 14:52:22,,,
СМ 03747-8,Claude Debussy - Arturo Benedetti Michelangeli,Образы ● Детский Уголок,Мелодия,LP,,1972,5846121,Uncategorized,2020-04-24 14:57:54,,,
СМ 03915—16,Nobuo Hara and His Sharps & Flats,Шарпс Энд Флэтс,Мелодия,"LP, RP",,0,3006498,Uncategorized,2015-11-06 19:13:47,,,
СМ 04255-6,"Pyotr Ilyich Tchaikovsky, Sviatoslav Richter, Wiener Philharmoniker, Herbert von Karajan","Концерт № 1 Для Фортепиано С Оркестром Си Бемоль Минор, Соч. 23",Мелодия,"LP, RP",,1990,9921816,Uncategorized,2018-10-07 11:02:39,,,
СМ 04267-8,Alexander Scriabine - Маргарита Федорова,Поэмы Для Фортепиано,Мелодия,LP,,1973,7266267,Uncategorized,2020-04-24 14:47:07,,,
СМ 04459-60,Роза Джелакаева И Петр Деметр,Песни Цыган Разных Стран,Мелодия,LP,,1973,2150177,100,2020-05-24 11:17:14,,100,
С90 26795 003,Кино,Ночь,"Мелодия, AnTrop","LP, Album, Whi",,1988,664407,Uncategorized,2015-12-19 21:20:32,,,
А60 00415 006,Paul McCartney,Снова В СССР,"Мелодия, MPL (2)","LP, Album, RE, Whi",,1989,9753925,100,2020-04-05 14:40:34,,100,
С90 27985 002,Various,Espero. E,"Мелодия, Ленинградская Студия Грамзаписи","LP, Album",,1989,7959069,100,2019-05-09 13:49:10,,,
"33 С 10—14469-70, 33 С 60—14471-72",Various,Олимпийский Сувенир = Olympic Souvenir,"Мелодия, Мелодия","2xLP, Comp, Mono",,1980,10475533,Uncategorized,2019-07-27 14:46:45,,,
"33Д-017009, 33Д-017010",Various,Джаз 65. Молодежные Джазовые Ансамбли Москвы. Часть 1,"Мелодия, Мелодия","LP, Mono, АЗГ",,1966,7133242,100,2017-03-26 14:59:59,,100,
"33Д—017017, 33Д—017018",Various,Джаз 65. Молодежные Джазовые Ансамбли Москвы (Часть 2),"Мелодия, Мелодия","LP, Mono, Vio",,1966,5178734,100,2017-03-26 15:01:57,,100,
"33Д—019023, 33Д—019024",Dean Reed,Поет Дин Рид,"Мелодия, Мелодия","LP, Mono, Pin",,1966,3406122,Uncategorized,2018-10-07 10:48:19,,,
"33Д—020984, 33Д—020983",Various,Джаз 67. IV Московский Фестиваль Молодежных Джазовых Ансамблей. Пластинка 1,"Мелодия, Мелодия","LP, Mono, RP",,0,5177865,100,2017-03-26 15:02:39,,100,
"33Д—09927, 33НД—07778",Various,Уральская Рябинушка,"Мелодия, Мелодия","LP, Comp",,1978,4057792,50,2020-08-09 08:20:45,,,
"Д-033391, Д-033392",Various,Под Крышами Парижа (I),"Мелодия, Мелодия","LP, Comp, Mono, RP",,1973,7519630,50,2015-12-27 09:05:04,,50,
"М20-39115, М20-39116",Лидия Русланова,Русские Песни,"Мелодия, Мелодия","LP, Mono",,1976,3796289,50,2020-05-24 11:23:07,,50,
"С10-12955-56, С10-12957-58",Various,Ленинградский сувенир,"Мелодия, Мелодия",2xLP,,1980,7470516,Uncategorized,2017-09-02 19:37:57,,,
С10-15153,"Alessandro Stradella, Giovanni Battista Pergolesi, Giovanni Paisiello, Christoph Willibald Gluck, Wolfgang Amadeus Mozart, Franz Schubert - Ламара Чкония",Фрагменты и Арии из Опер,"Мелодия, Мелодия",LP,,1980,12388745,Uncategorized,2018-10-10 14:51:44,,,
"С60 22325 003, С60 22327 008",Валентина Толкунова,Разговор С Женщиной,"Мелодия, Мелодия","2xLP, Album",,1985,6207204,100,2020-05-24 11:15:44,,300,
"С60 25617 001, С60 25619 006",Машина Времени,Реки И Мосты,"Мелодия, Мелодия","2xLP, Album, Gat",,1987,1104622,100,2019-10-05 14:52:24,,100,
"С60 28461 002, С60-28461",Tri-O,Три Отверстия,"Мелодия, Мелодия","LP, Album",,1989,6004116,Uncategorized,2018-05-27 17:14:43,,,
"С60-17109, С60-17110",Paul Robeson,Поль Робсон Поет Негритянские Спиричуэлс,"Мелодия, Мелодия","LP, Album",,0,3872948,Uncategorized,2018-10-07 10:46:34,,,
"С60—07389, С60—07390",Ljiljana Petrović,Поëт Лиляна Петрович,"Мелодия, Мелодия","LP, Album, Gre",,0,7046720,Uncategorized,2015-12-27 08:28:45,,,
"С90-10899-900, С90-10901-902, С90-10899-900 / С90-",Various,Цыганские песни / Цигански песни,"Мелодия, Мелодия, Балкантон","2xLP, Comp, MP, S/Edition",,1982,13295239,300,2020-04-05 15:07:18,,,
"М60–39463, М60–39464, 33М 60-39463-64",Ambrose & His Orchestra,Девушка Играет На Мандолине. Танцы 30-х годов,"Мелодия, Мелодия, Мелодия","LP, Comp, Mono",,1977,4055391,100,2016-02-04 10:31:56,,100,
"33НД—01468, 33НД—01469, 33НД—01470, 33НД—01471",Johann Strauss Jr.,Цыганский Барон,"Мелодия, Мелодия, Мелодия, Мелодия","2xLP, Mono",,0,11473468,100,2018-05-27 14:06:40,,,
"ДО-21343-44, ДО-33667-68, 33 Д 021343-44, 33 Д 033",Марк Бернес,Поёт Марк Бернес,"Мелодия, Мелодия, Мелодия, Мелодия","2xLP, Comp, Mono, M/Print + Box",,0,5481717,Uncategorized,2020-04-12 08:48:31,,,
"СМ 01927/С10-13190, С10-07978/13184, С10-07041/131",Sergei Prokofiev,Собрание Сочинений В Грамзаписи Ч. III К-Т 3 / Collected Works On Records Pt. III Box 3,"Мелодия, Мелодия, Мелодия, Мелодия","4xLP, Comp + Box",,0,6450218,Uncategorized,2016-03-25 13:20:19,,,
"33 С 30-13309-12, С30-13309, С30-13310, С30-13311,",Various,Музыка Народов СССР = Music Of The Peoples Of The USSR,"Мелодия, Мелодия, Мелодия, Мелодия, Мелодия","2xLP, Comp, Pin",,0,8442731,Uncategorized,2020-04-12 07:51:45,,,
А 10 00095 006,"Antonio Vivaldi - Сергей Стадлер, Lithuanian Chamber Orchestra , Conductor Saulius Sondeckis","Le Quattro Stagioni - Concertos For Violin  And Orchestra, Op. 8 Nos. 1 - 4",С.-Петербург. Завод Грампластинок,"LP, RP",,1992,5437812,Uncategorized,2016-01-15 12:21:18,,,
С60-00011,Настя,Ноа Ноа,ЭРИО,"LP, Album, RP",,1991,2815551,archive,2019-05-09 13:47:28,,100,
